Input Value;Input Type;Gene Info;Ensembl Gene Info;UniProt Info
ENSDARG00000007745;Ensembl Gene ID;406359 [Gene Symbol: uqcrfs1] [Locus Tag: ] [Chromosome: 7] [Map Location: ] [Description: ubiquinol-cytochrome c reductase, Rieske iron-sulfur polypeptide 1] [Gene Type: protein-coding];"ENSDARG00000007745 [Biotype: protein_coding] [Chr_Location: 7:45400716-45406089] [Chr_Band: ] [Chr_Strand: 1] [Description: ubiquinol-cytochrome c reductase, Rieske iron-sulfur polypeptide 1 [Source:ZFIN;Acc:ZDB-GENE-040426-2060]]";"A7MCR1_DANRE [Acc: A7MCR1] [Seq_length: 273] [PI: 8.51] [Weight: 29713.63] [Organism: Danio rerio (Zebrafish) (Brachydanio rerio)] [Definition: RecName: Full=Cytochrome b-c1 complex subunit Rieske, mitochondrial {ECO:0000256|RuleBase:RU004494};          EC=7.1.1.8 {ECO:0000256|RuleBase:RU004494};]"
ENSDARG00000009685;Ensembl Gene ID;402961 [Gene Symbol: ppa2] [Locus Tag: ] [Chromosome: 1] [Map Location: ] [Description: inorganic pyrophosphatase 2] [Gene Type: protein-coding];"ENSDARG00000009685 [Biotype: protein_coding] [Chr_Location: 1:26389153-26398361] [Chr_Band: ] [Chr_Strand: -1] [Description: inorganic pyrophosphatase 2 [Source:ZFIN;Acc:ZDB-GENE-040426-1857]]";"A0A0R4IRJ2_DANRE [Acc: A0A0R4IRJ2] [Seq_length: 339] [PI: 6.72] [Weight: 38432.85] [Organism: Danio rerio (Zebrafish) (Brachydanio rerio)] [Definition: RecName: Full=Inorganic diphosphatase {ECO:0000256|ARBA:ARBA00012146};          EC=3.6.1.1 {ECO:0000256|ARBA:ARBA00012146};]; F1QDB6_DANRE [Acc: F1QDB6] [Seq_length: 93] [PI: 10] [Weight: 10682.3] [Organism: Danio rerio (Zebrafish) (Brachydanio rerio)] [Definition: RecName: Full=Inorganic diphosphatase {ECO:0000256|ARBA:ARBA00012146};          EC=3.6.1.1 {ECO:0000256|ARBA:ARBA00012146};]"
ENSDARG00000010113;Ensembl Gene ID;393829 [Gene Symbol: ndufb8] [Locus Tag: ] [Chromosome: 12] [Map Location: ] [Description: NADH:ubiquinone oxidoreductase subunit B8] [Gene Type: protein-coding];"ENSDARG00000010113 [Biotype: protein_coding] [Chr_Location: 12:48469755-48477031] [Chr_Band: ] [Chr_Strand: -1] [Description: NADH:ubiquinone oxidoreductase subunit B8 [Source:ZFIN;Acc:ZDB-GENE-040426-1858]]";"Q6P5L5_DANRE [Acc: Q6P5L5] [Seq_length: 188] [PI: 6.91] [Weight: 21535.11] [Organism: Danio rerio (Zebrafish) (Brachydanio rerio)] [Definition: RecName: Full=NADH dehydrogenase [ubiquinone] 1 beta subcomplex subunit 8, mitochondrial {ECO:0000256|PIRNR:PIRNR009288}; AltName: Full=Complex I-ASHI {ECO:0000256|PIRNR:PIRNR009288}; AltName: Full=NADH-ubiquinone oxidoreductase ASHI subunit {ECO:0000256|PIRNR:PIRNR009288};]"
ENSDARG00000010149;Ensembl Gene ID;553755 [Gene Symbol: atp5fa1] [Locus Tag: ] [Chromosome: 21] [Map Location: ] [Description: ATP synthase F1 subunit alpha] [Gene Type: protein-coding];"ENSDARG00000010149 [Biotype: protein_coding] [Chr_Location: 21:5080789-5092539] [Chr_Band: ] [Chr_Strand: 1] [Description: ATP synthase F1 subunit alpha [Source:ZFIN;Acc:ZDB-GENE-060201-1]]";"Q08BA1_DANRE [Acc: Q08BA1] [Seq_length: 551] [PI: 9.08] [Weight: 59743.27] [Organism: Danio rerio (Zebrafish) (Brachydanio rerio)] [Definition: RecName: Full=ATP synthase subunit alpha {ECO:0000256|RuleBase:RU003551};]"
ENSDARG00000011146;Ensembl Gene ID;554154 [Gene Symbol: uqcrb] [Locus Tag: ] [Chromosome: 19] [Map Location: ] [Description: ubiquinol-cytochrome c reductase binding protein] [Gene Type: protein-coding];"ENSDARG00000011146 [Biotype: protein_coding] [Chr_Location: 19:44049501-44055008] [Chr_Band: ] [Chr_Strand: -1] [Description: ubiquinol-cytochrome c reductase binding protein [Source:ZFIN;Acc:ZDB-GENE-050522-542]]";"Q4VBV1_DANRE [Acc: Q4VBV1] [Seq_length: 111] [PI: 8.99] [Weight: 13357.26] [Organism: Danio rerio (Zebrafish) (Brachydanio rerio)] [Definition: RecName: Full=Cytochrome b-c1 complex subunit 7 {ECO:0000256|PIRNR:PIRNR000022};]; I3IS20_DANRE [Acc: I3IS20] [Seq_length: 79] [PI: 5.88] [Weight: 9795.12] [Organism: Danio rerio (Zebrafish) (Brachydanio rerio)] [Definition: RecName: Full=Cytochrome b-c1 complex subunit 7 {ECO:0000256|PIRNR:PIRNR000022};]"
ENSDARG00000011175;Ensembl Gene ID;393935 [Gene Symbol: atp6v1d] [Locus Tag: ] [Chromosome: 20] [Map Location: ] [Description: ATPase H+ transporting V1 subunit D] [Gene Type: protein-coding];"ENSDARG00000011175 [Biotype: protein_coding] [Chr_Location: 20:51088606-51100669] [Chr_Band: ] [Chr_Strand: -1] [Description: ATPase H+ transporting V1 subunit D [Source:ZFIN;Acc:ZDB-GENE-040426-727]]";"Q7ZVX8_DANRE [Acc: Q7ZVX8] [Seq_length: 248] [PI: 9.52] [Weight: 28286.5] [Organism: Danio rerio (Zebrafish) (Brachydanio rerio)] [Definition: RecName: Full=V-type proton ATPase subunit D {ECO:0000256|ARBA:ARBA00013417}; AltName: Full=V-type proton ATPase subunit d {ECO:0000256|ARBA:ARBA00013354}; AltName: Full=Vacuolar proton pump subunit D {ECO:0000256|ARBA:ARBA00018508, ECO:0000256|ARBA:ARBA00018521};]"
ENSDARG00000011553;Ensembl Gene ID;449787 [Gene Symbol: atp5pb] [Locus Tag: ] [Chromosome: 8] [Map Location: ] [Description: ATP synthase peripheral stalk-membrane subunit b] [Gene Type: protein-coding];"ENSDARG00000011553 [Biotype: protein_coding] [Chr_Location: 8:25329032-25338709] [Chr_Band: ] [Chr_Strand: -1] [Description: ATP synthase peripheral stalk-membrane subunit b [Source:ZFIN;Acc:ZDB-GENE-041010-33]]";"B8JIS1_DANRE [Acc: B8JIS1] [Seq_length: 252] [PI: 9.38] [Weight: 28169.49] [Organism: Danio rerio (Zebrafish) (Brachydanio rerio)] [Definition: RecName: Full=ATP synthase subunit b {ECO:0000256|RuleBase:RU368017};]"
ENSDARG00000011841;Ensembl Gene ID;326977 [Gene Symbol: atp5l] [Locus Tag: ] [Chromosome: 5] [Map Location: ] [Description: ATP synthase, H+ transporting, mitochondrial F0 complex, subunit g] [Gene Type: protein-coding];"ENSDARG00000011841 [Biotype: protein_coding] [Chr_Location: 5:30699260-30701891] [Chr_Band: ] [Chr_Strand: 1] [Description: ATP synthase, H+ transporting, mitochondrial F0 complex, subunit g [Source:ZFIN;Acc:ZDB-GENE-030131-5177]]";"Q6P6E0_DANRE [Acc: Q6P6E0] [Seq_length: 103] [PI: 9.75] [Weight: 11315.23] [Organism: Danio rerio (Zebrafish) (Brachydanio rerio)] [Definition: RecName: Full=ATP synthase subunit {ECO:0000256|PIRNR:PIRNR017835};]"
ENSDARG00000012388;Ensembl Gene ID;402880 [Gene Symbol: cox4i1l] [Locus Tag: ] [Chromosome: 24] [Map Location: ] [Description: cytochrome c oxidase subunit 4I1, like] [Gene Type: protein-coding];"ENSDARG00000012388 [Biotype: protein_coding] [Chr_Location: 24:28231602-28245872] [Chr_Band: ] [Chr_Strand: -1] [Description: cytochrome c oxidase subunit 4I1, like [Source:ZFIN;Acc:ZDB-GENE-130814-2]]";"F1R6I1_DANRE [Acc: F1R6I1] [Seq_length: 173] [PI: 9.46] [Weight: 20331.33] [Organism: Danio rerio (Zebrafish) (Brachydanio rerio)] [Definition: RecName: Full=Cytochrome c oxidase subunit 4 {ECO:0000256|RuleBase:RU367145};]"
ENSDARG00000013044;Ensembl Gene ID;393720 [Gene Symbol: ndufv2] [Locus Tag: ] [Chromosome: 2] [Map Location: ] [Description: NADH:ubiquinone oxidoreductase core subunit V2] [Gene Type: protein-coding];"ENSDARG00000013044 [Biotype: protein_coding] [Chr_Location: 2:54641644-54690184] [Chr_Band: ] [Chr_Strand: 1] [Description: NADH:ubiquinone oxidoreductase core subunit V2 [Source:ZFIN;Acc:ZDB-GENE-040426-1713]]";"Q6PBX8_DANRE [Acc: Q6PBX8] [Seq_length: 244] [PI: 5.44] [Weight: 26595.18] [Organism: Danio rerio (Zebrafish) (Brachydanio rerio)] [Definition: RecName: Full=NADH dehydrogenase [ubiquinone] flavoprotein 2, mitochondrial {ECO:0000256|ARBA:ARBA00021380}; AltName: Full=NADH-ubiquinone oxidoreductase 24 kDa subunit {ECO:0000256|ARBA:ARBA00015217};]"
ENSDARG00000013333;Ensembl Gene ID;321951 [Gene Symbol: ndufa10] [Locus Tag: ] [Chromosome: 9] [Map Location: ] [Description: NADH:ubiquinone oxidoreductase subunit A10] [Gene Type: protein-coding];"ENSDARG00000013333 [Biotype: protein_coding] [Chr_Location: 9:23740506-23747409] [Chr_Band: ] [Chr_Strand: -1] [Description: NADH:ubiquinone oxidoreductase subunit A10 [Source:ZFIN;Acc:ZDB-GENE-030131-670]]";"F1RDV2_DANRE [Acc: F1RDV2] [Seq_length: 355] [PI: 6.73] [Weight: 40288.07] [Organism: Danio rerio (Zebrafish) (Brachydanio rerio)] [Definition: RecName: Full=NADH dehydrogenase [ubiquinone] 1 alpha subcomplex subunit 10, mitochondrial {ECO:0000256|PIRNR:PIRNR000543};]; B0UYL0_DANRE [Acc: B0UYL0] [Seq_length: 340] [PI: 7.09] [Weight: 38535.13] [Organism: Danio rerio (Zebrafish) (Brachydanio rerio)] [Definition: RecName: Full=NADH dehydrogenase [ubiquinone] 1 alpha subcomplex subunit 10, mitochondrial {ECO:0000256|PIRNR:PIRNR000543};]"
ENSDARG00000013443;Ensembl Gene ID;359839 [Gene Symbol: atp6v1ba] [Locus Tag: ] [Chromosome: 17] [Map Location: ] [Description: ATPase, H+ transporting, lysosomal, V1 subunit B, member a] [Gene Type: protein-coding];"ENSDARG00000013443 [Biotype: protein_coding] [Chr_Location: 17:21372291-21418340] [Chr_Band: ] [Chr_Strand: -1] [Description: ATPase, H+ transporting, lysosomal, V1 subunit B, member a [Source:ZFIN;Acc:ZDB-GENE-030711-3]]";"Q6PC68_DANRE [Acc: Q6PC68] [Seq_length: 506] [PI: 5.39] [Weight: 55985.35] [Organism: Danio rerio (Zebrafish) (Brachydanio rerio)] [Definition: RecName: Full=Vacuolar proton pump subunit B {ECO:0000256|RuleBase:RU366021};          Short=V-ATPase subunit B {ECO:0000256|RuleBase:RU366021}; AltName: Full=Vacuolar proton pump subunit B {ECO:0000256|RuleBase:RU366021};]"
ENSDARG00000014313;Ensembl Gene ID;406599 [Gene Symbol: atp5pf] [Locus Tag: ] [Chromosome: 1] [Map Location: ] [Description: ATP synthase peripheral stalk subunit F6] [Gene Type: protein-coding];"ENSDARG00000014313 [Biotype: protein_coding] [Chr_Location: 1:610082-614638] [Chr_Band: ] [Chr_Strand: -1] [Description: ATP synthase peripheral stalk subunit F6 [Source:ZFIN;Acc:ZDB-GENE-040426-2534]]";"Q6NYF7_DANRE [Acc: Q6NYF7] [Seq_length: 112] [PI: 9.72] [Weight: 12244] [Organism: Danio rerio (Zebrafish) (Brachydanio rerio)] [Definition: RecName: Full=ATP synthase-coupling factor 6, mitochondrial {ECO:0000256|PIRNR:PIRNR002455};          Short=ATPase subunit F6 {ECO:0000256|PIRNR:PIRNR002455};]; B8JM34_DANRE [Acc: B8JM34] [Seq_length: 109] [PI: 9.74] [Weight: 12011.65] [Organism: Danio rerio (Zebrafish) (Brachydanio rerio)] [Definition: RecName: Full=ATP synthase-coupling factor 6, mitochondrial {ECO:0000256|PIRNR:PIRNR002455};          Short=ATPase subunit F6 {ECO:0000256|PIRNR:PIRNR002455};]"
ENSDARG00000014794;Ensembl Gene ID;436930 [Gene Symbol: uqcrc2a] [Locus Tag: ] [Chromosome: 3] [Map Location: ] [Description: ubiquinol-cytochrome c reductase core protein 2a] [Gene Type: protein-coding];"ENSDARG00000014794 [Biotype: protein_coding] [Chr_Location: 3:58167288-58185030] [Chr_Band: ] [Chr_Strand: 1] [Description: ubiquinol-cytochrome c reductase core protein 2a [Source:ZFIN;Acc:ZDB-GENE-040718-405]]";"X1WD83_DANRE [Acc: X1WD83] [Seq_length: 126] [PI: 10.1] [Weight: 12947.73] [Organism: Danio rerio (Zebrafish) (Brachydanio rerio)] [Definition: SubName: Full=Ubiquinol-cytochrome c reductase core protein 2a {ECO:0000313|Ensembl:ENSDARP00000128180}; Flags: Fragment;]; F1QJE0_DANRE [Acc: F1QJE0] [Seq_length: 460] [PI: 7.15] [Weight: 49188.36] [Organism: Danio rerio (Zebrafish) (Brachydanio rerio)] [Definition: SubName: Full=Ubiquinol-cytochrome c reductase core protein 2a {ECO:0000313|Ensembl:ENSDARP00000015132};]"
ENSDARG00000014915;Ensembl Gene ID;325712 [Gene Symbol: ndufab1b] [Locus Tag: ] [Chromosome: 3] [Map Location: ] [Description: NADH:ubiquinone oxidoreductase subunit AB1b] [Gene Type: protein-coding];"ENSDARG00000014915 [Biotype: protein_coding] [Chr_Location: 3:35535121-35541381] [Chr_Band: ] [Chr_Strand: -1] [Description: NADH:ubiquinone oxidoreductase subunit AB1b [Source:ZFIN;Acc:ZDB-GENE-030131-4437]]";"F1QCE9_DANRE [Acc: F1QCE9] [Seq_length: 153] [PI: 5.1] [Weight: 17243.51] [Organism: Danio rerio (Zebrafish) (Brachydanio rerio)] [Definition: RecName: Full=Acyl carrier protein {ECO:0000256|RuleBase:RU000722};]"
ENSDARG00000015174;Ensembl Gene ID;553691 [Gene Symbol: atp6v0a1b] [Locus Tag: ] [Chromosome: 24] [Map Location: ] [Description: ATPase H+ transporting V0 subunit a1b] [Gene Type: protein-coding];"ENSDARG00000015174 [Biotype: protein_coding] [Chr_Location: 24:7596009-7632187] [Chr_Band: ] [Chr_Strand: -1] [Description: ATPase H+ transporting V0 subunit a1b [Source:ZFIN;Acc:ZDB-GENE-050522-215]]";"F1QE30_DANRE [Acc: F1QE30] [Seq_length: 839] [PI: 6.02] [Weight: 95707.01] [Organism: Danio rerio (Zebrafish) (Brachydanio rerio)] [Definition: RecName: Full=V-type proton ATPase subunit a {ECO:0000256|RuleBase:RU361189};]"
ENSDARG00000015385;Ensembl Gene ID;550451 [Gene Symbol: ndufs3] [Locus Tag: ] [Chromosome: 7] [Map Location: ] [Description: NADH:ubiquinone oxidoreductase core subunit S3] [Gene Type: protein-coding];"ENSDARG00000015385 [Biotype: protein_coding] [Chr_Location: 7:38588866-38594602] [Chr_Band: ] [Chr_Strand: 1] [Description: NADH:ubiquinone oxidoreductase core subunit S3 [Source:ZFIN;Acc:ZDB-GENE-050417-274]]";"F1R4C8_DANRE [Acc: F1R4C8] [Seq_length: 255] [PI: 5.76] [Weight: 29484.08] [Organism: Danio rerio (Zebrafish) (Brachydanio rerio)] [Definition: RecName: Full=Complex I-30kD {ECO:0000256|ARBA:ARBA00013323}; AltName: Full=NADH dehydrogenase [ubiquinone] iron-sulfur protein 3, mitochondrial {ECO:0000256|ARBA:ARBA00020084}; AltName: Full=NADH-ubiquinone oxidoreductase 30 kDa subunit {ECO:0000256|ARBA:ARBA00016762};]"
ENSDARG00000015978;Ensembl Gene ID;415253 [Gene Symbol: cox5ba] [Locus Tag: ] [Chromosome: 10] [Map Location: ] [Description: cytochrome c oxidase subunit 5Ba] [Gene Type: protein-coding];"ENSDARG00000015978 [Biotype: protein_coding] [Chr_Location: 10:42374770-42378524] [Chr_Band: ] [Chr_Strand: 1] [Description: zgc:86599 [Source:ZFIN;Acc:ZDB-GENE-040625-180]]";"F1RCH5_DANRE [Acc: F1RCH5] [Seq_length: 126] [PI: 8.88] [Weight: 13615.62] [Organism: Danio rerio (Zebrafish) (Brachydanio rerio)] [Definition: RecName: Full=Cytochrome c oxidase polypeptide Vb {ECO:0000256|ARBA:ARBA00015089}; AltName: Full=Cytochrome c oxidase subunit 5B, mitochondrial {ECO:0000256|ARBA:ARBA00020224};]; F1R1J3_DANRE [Acc: F1R1J3] [Seq_length: 105] [PI: 6.55] [Weight: 11404.9] [Organism: Danio rerio (Zebrafish) (Brachydanio rerio)] [Definition: RecName: Full=Cytochrome c oxidase polypeptide Vb {ECO:0000256|ARBA:ARBA00015089}; AltName: Full=Cytochrome c oxidase subunit 5B, mitochondrial {ECO:0000256|ARBA:ARBA00020224}; Flags: Fragment;]"
ENSDARG00000016721;Ensembl Gene ID;393884 [Gene Symbol: sdha] [Locus Tag: ] [Chromosome: 19] [Map Location: ] [Description: succinate dehydrogenase complex, subunit A, flavoprotein (Fp)] [Gene Type: protein-coding];"ENSDARG00000016721 [Biotype: protein_coding] [Chr_Location: 19:7276060-7291733] [Chr_Band: ] [Chr_Strand: -1] [Description: succinate dehydrogenase complex, subunit A, flavoprotein (Fp) [Source:NCBI gene;Acc:393884]]";"SDHA_DANRE [Acc: Q7ZVF3] [Seq_length: 661] [PI: 6.13] [Weight: 72077.01] [Organism: Danio rerio (Zebrafish) (Brachydanio rerio)] [Definition: RecName: Full=Succinate dehydrogenase [ubiquinone] flavoprotein subunit, mitochondrial;          EC=1.3.5.1 {ECO:0000250|UniProtKB:P31040}; AltName: Full=Flavoprotein subunit of complex II;          Short=Fp; Flags: Precursor;]"
ENSDARG00000016835;Ensembl Gene ID;100003139 [Gene Symbol: tcirg1a] [Locus Tag: ] [Chromosome: 1] [Map Location: ] [Description: T cell immune regulator 1, ATPase H+ transporting V0 subunit a3a] [Gene Type: protein-coding];"ENSDARG00000016835 [Biotype: protein_coding] [Chr_Location: 1:44870880-44901163] [Chr_Band: ] [Chr_Strand: -1] [Description: T cell immune regulator 1, ATPase H+ transporting V0 subunit a3a [Source:ZFIN;Acc:ZDB-GENE-090311-31]]";"A0A2R8QF65_DANRE [Acc: A0A2R8QF65] [Seq_length: 822] [PI: 6.04] [Weight: 94024.47] [Organism: Danio rerio (Zebrafish) (Brachydanio rerio)] [Definition: RecName: Full=V-type proton ATPase subunit a {ECO:0000256|RuleBase:RU361189};]; B8A655_DANRE [Acc: B8A655] [Seq_length: 823] [PI: 5.97] [Weight: 94189.7] [Organism: Danio rerio (Zebrafish) (Brachydanio rerio)] [Definition: RecName: Full=V-type proton ATPase subunit a {ECO:0000256|RuleBase:RU361189};]"
ENSDARG00000017775;Ensembl Gene ID;394151 [Gene Symbol: atp5mc3a] [Locus Tag: ] [Chromosome: 9] [Map Location: ] [Description: ATP synthase membrane subunit c locus 3a] [Gene Type: protein-coding];"ENSDARG00000017775 [Biotype: protein_coding] [Chr_Location: 9:2330798-2341127] [Chr_Band: ] [Chr_Strand: 1] [Description: ATP synthase membrane subunit c locus 3a [Source:ZFIN;Acc:ZDB-GENE-040426-857]]";"Q7ZYW7_DANRE [Acc: Q7ZYW7] [Seq_length: 139] [PI: 9.92] [Weight: 14372.71] [Organism: Danio rerio (Zebrafish) (Brachydanio rerio)] [Definition: RecName: Full=ATP synthase lipid-binding protein {ECO:0000256|ARBA:ARBA00019120}; AltName: Full=ATPase protein 9 {ECO:0000256|ARBA:ARBA00016141}; AltName: Full=ATPase subunit c {ECO:0000256|ARBA:ARBA00019916};]"
ENSDARG00000019332;Ensembl Gene ID;406306 [Gene Symbol: ndufb4] [Locus Tag: ] [Chromosome: 24] [Map Location: ] [Description: NADH:ubiquinone oxidoreductase subunit B4] [Gene Type: protein-coding];"ENSDARG00000019332 [Biotype: protein_coding] [Chr_Location: 24:23971056-23977285] [Chr_Band: ] [Chr_Strand: -1] [Description: NADH:ubiquinone oxidoreductase subunit B4 [Source:ZFIN;Acc:ZDB-GENE-040426-1973]]";"E9QEE8_DANRE [Acc: E9QEE8] [Seq_length: 119] [PI: 9.75] [Weight: 14144.16] [Organism: Danio rerio (Zebrafish) (Brachydanio rerio)] [Definition: RecName: Full=Complex I-B15 {ECO:0000256|ARBA:ARBA00015295}; AltName: Full=NADH dehydrogenase [ubiquinone] 1 beta subcomplex subunit 4 {ECO:0000256|ARBA:ARBA00018681}; AltName: Full=NADH-ubiquinone oxidoreductase B15 subunit {ECO:0000256|ARBA:ARBA00021180};]; Q6PBK0_DANRE [Acc: Q6PBK0] [Seq_length: 130] [PI: 9.85] [Weight: 15348.5] [Organism: Danio rerio (Zebrafish) (Brachydanio rerio)] [Definition: RecName: Full=Complex I-B15 {ECO:0000256|ARBA:ARBA00015295}; AltName: Full=NADH dehydrogenase [ubiquinone] 1 beta subcomplex subunit 4 {ECO:0000256|ARBA:ARBA00018681}; AltName: Full=NADH-ubiquinone oxidoreductase B15 subunit {ECO:0000256|ARBA:ARBA00021180};]"
ENSDARG00000019404;Ensembl Gene ID;335709 [Gene Symbol: atp5f1d] [Locus Tag: ] [Chromosome: 22] [Map Location: ] [Description: ATP synthase F1 subunit delta] [Gene Type: protein-coding];"ENSDARG00000019404 [Biotype: protein_coding] [Chr_Location: 22:18766061-18779232] [Chr_Band: ] [Chr_Strand: -1] [Description: ATP synthase F1 subunit delta [Source:ZFIN;Acc:ZDB-GENE-030131-7649]]";"Q1LVG7_DANRE [Acc: Q1LVG7] [Seq_length: 159] [PI: 5.07] [Weight: 16884.96] [Organism: Danio rerio (Zebrafish) (Brachydanio rerio)] [Definition: RecName: Full=ATP synthase F1 subunit delta {ECO:0000256|ARBA:ARBA00016148};]"
ENSDARG00000020847;Ensembl Gene ID;324307 [Gene Symbol: atp6v0a1a] [Locus Tag: ] [Chromosome: 3] [Map Location: ] [Description: ATPase H+ transporting V0 subunit a1a] [Gene Type: protein-coding];"ENSDARG00000020847 [Biotype: protein_coding] [Chr_Location: 3:16922226-16973125] [Chr_Band: ] [Chr_Strand: 1] [Description: ATPase H+ transporting V0 subunit a1a [Source:ZFIN;Acc:ZDB-GENE-030131-3027]]";"F1QEY7_DANRE [Acc: F1QEY7] [Seq_length: 834] [PI: 6.16] [Weight: 95505.16] [Organism: Danio rerio (Zebrafish) (Brachydanio rerio)] [Definition: RecName: Full=V-type proton ATPase subunit a {ECO:0000256|RuleBase:RU361189};]"
ENSDARG00000021984;Ensembl Gene ID;554125 [Gene Symbol: ndufa2] [Locus Tag: ] [Chromosome: 21] [Map Location: ] [Description: NADH:ubiquinone oxidoreductase subunit A2] [Gene Type: protein-coding];"ENSDARG00000021984 [Biotype: protein_coding] [Chr_Location: 21:44005521-44009169] [Chr_Band: ] [Chr_Strand: -1] [Description: NADH:ubiquinone oxidoreductase subunit A2 [Source:ZFIN;Acc:ZDB-GENE-050522-377]]";"Q4VBI5_DANRE [Acc: Q4VBI5] [Seq_length: 101] [PI: 9.39] [Weight: 11075.7] [Organism: Danio rerio (Zebrafish) (Brachydanio rerio)] [Definition: RecName: Full=NADH dehydrogenase [ubiquinone] 1 alpha subcomplex subunit 2 {ECO:0000256|PIRNR:PIRNR005822};]"
ENSDARG00000022315;Ensembl Gene ID;335025 [Gene Symbol: atp6v1g1] [Locus Tag: ] [Chromosome: 5] [Map Location: ] [Description: ATPase H+ transporting V1 subunit G1] [Gene Type: protein-coding];"ENSDARG00000022315 [Biotype: protein_coding] [Chr_Location: 5:57320113-57325557] [Chr_Band: ] [Chr_Strand: 1] [Description: ATPase H+ transporting V1 subunit G1 [Source:ZFIN;Acc:ZDB-GENE-030131-6965]]";"Q6PBR5_DANRE [Acc: Q6PBR5] [Seq_length: 118] [PI: 9.52] [Weight: 13323.09] [Organism: Danio rerio (Zebrafish) (Brachydanio rerio)] [Definition: RecName: Full=V-type proton ATPase subunit G {ECO:0000256|RuleBase:RU364019};]"
ENSDARG00000022438;Ensembl Gene ID;335774 [Gene Symbol: cox6a1] [Locus Tag: ] [Chromosome: 8] [Map Location: ] [Description: cytochrome c oxidase subunit 6A1] [Gene Type: protein-coding];"ENSDARG00000022438 [Biotype: protein_coding] [Chr_Location: 8:39760258-39765996] [Chr_Band: ] [Chr_Strand: 1] [Description: cytochrome c oxidase subunit 6A1 [Source:ZFIN;Acc:ZDB-GENE-030131-7715]]";"A9C462_DANRE [Acc: A9C462] [Seq_length: 108] [PI: 9.52] [Weight: 12225.9] [Organism: Danio rerio (Zebrafish) (Brachydanio rerio)] [Definition: RecName: Full=Cytochrome c oxidase subunit {ECO:0000256|RuleBase:RU004397}; AltName: Full=Cytochrome c oxidase polypeptide VIa {ECO:0000256|RuleBase:RU004397};]"
ENSDARG00000022509;Ensembl Gene ID;393776 [Gene Symbol: cox4i2] [Locus Tag: ] [Chromosome: 23] [Map Location: ] [Description: cytochrome c oxidase subunit 4I2] [Gene Type: protein-coding];"ENSDARG00000022509 [Biotype: protein_coding] [Chr_Location: 23:18944388-18951148] [Chr_Band: ] [Chr_Strand: 1] [Description: cytochrome c oxidase subunit 4I2 [Source:ZFIN;Acc:ZDB-GENE-040426-1775]]";"F1QLR1_DANRE [Acc: F1QLR1] [Seq_length: 177] [PI: 9.57] [Weight: 20257.28] [Organism: Danio rerio (Zebrafish) (Brachydanio rerio)] [Definition: RecName: Full=Cytochrome c oxidase subunit 4 {ECO:0000256|RuleBase:RU367145};]"
ENSDARG00000023967;Ensembl Gene ID;368907 [Gene Symbol: atp6v1c1a] [Locus Tag: ] [Chromosome: 16] [Map Location: ] [Description: ATPase H+ transporting V1 subunit C1a] [Gene Type: protein-coding];"ENSDARG00000023967 [Biotype: protein_coding] [Chr_Location: 16:52748263-52767591] [Chr_Band: ] [Chr_Strand: 1] [Description: ATPase H+ transporting V1 subunit C1a [Source:NCBI gene;Acc:368907]]";"VTC1A_DANRE [Acc: Q7T385] [Seq_length: 383] [PI: 6.93] [Weight: 44314.48] [Organism: Danio rerio (Zebrafish) (Brachydanio rerio)] [Definition: RecName: Full=V-type proton ATPase subunit C 1-A;          Short=V-ATPase subunit C 1-A; AltName: Full=Vacuolar proton pump subunit C 1-A;]; B2GPU0_DANRE [Acc: B2GPU0] [Seq_length: 383] [PI: 6.93] [Weight: 44314.48] [Organism: Danio rerio (Zebrafish) (Brachydanio rerio)] [Definition: RecName: Full=V-type proton ATPase subunit C {ECO:0000256|RuleBase:RU364010};]"
ENSDARG00000028546;Ensembl Gene ID;493605 [Gene Symbol: ndufs1] [Locus Tag: ] [Chromosome: 6] [Map Location: ] [Description: NADH:ubiquinone oxidoreductase core subunit S1] [Gene Type: protein-coding];"ENSDARG00000028546 [Biotype: protein_coding] [Chr_Location: 6:13206516-13231951] [Chr_Band: ] [Chr_Strand: 1] [Description: NADH:ubiquinone oxidoreductase core subunit S1 [Source:ZFIN;Acc:ZDB-GENE-030131-478]]";"F1RDA6_DANRE [Acc: F1RDA6] [Seq_length: 731] [PI: 5.82] [Weight: 79460.37] [Organism: Danio rerio (Zebrafish) (Brachydanio rerio)] [Definition: RecName: Full=NADH-ubiquinone oxidoreductase 75 kDa subunit, mitochondrial {ECO:0000256|ARBA:ARBA00013888};]"
ENSDARG00000028889;Ensembl Gene ID;393703 [Gene Symbol: ndufb10] [Locus Tag: ] [Chromosome: 3] [Map Location: ] [Description: NADH:ubiquinone oxidoreductase subunit B10] [Gene Type: protein-coding];"ENSDARG00000028889 [Biotype: protein_coding] [Chr_Location: 3:18405136-18410968] [Chr_Band: ] [Chr_Strand: -1] [Description: NADH:ubiquinone oxidoreductase subunit B10 [Source:ZFIN;Acc:ZDB-GENE-040426-1691]]";"F1QJ56_DANRE [Acc: F1QJ56] [Seq_length: 170] [PI: 9.18] [Weight: 20215.02] [Organism: Danio rerio (Zebrafish) (Brachydanio rerio)] [Definition: RecName: Full=Complex I-PDSW {ECO:0000256|ARBA:ARBA00016775}; AltName: Full=NADH dehydrogenase [ubiquinone] 1 beta subcomplex subunit 10 {ECO:0000256|ARBA:ARBA00014109}; AltName: Full=NADH-ubiquinone oxidoreductase PDSW subunit {ECO:0000256|ARBA:ARBA00017396};]"
ENSDARG00000029064;Ensembl Gene ID;436768 [Gene Symbol: uqcrq] [Locus Tag: ] [Chromosome: 14] [Map Location: ] [Description: ubiquinol-cytochrome c reductase, complex III subunit VII] [Gene Type: protein-coding];"ENSDARG00000029064 [Biotype: protein_coding] [Chr_Location: 14:38875078-38878419] [Chr_Band: ] [Chr_Strand: -1] [Description: ubiquinol-cytochrome c reductase, complex III subunit VII [Source:ZFIN;Acc:ZDB-GENE-040718-199]]";"F1QEJ5_DANRE [Acc: F1QEJ5] [Seq_length: 82] [PI: 9.42] [Weight: 9546.83] [Organism: Danio rerio (Zebrafish) (Brachydanio rerio)] [Definition: RecName: Full=Complex III subunit 8 {ECO:0000256|ARBA:ARBA00015229}; AltName: Full=Complex III subunit VIII {ECO:0000256|ARBA:ARBA00021318}; AltName: Full=Cytochrome b-c1 complex subunit 8 {ECO:0000256|ARBA:ARBA00016324}; AltName: Full=Ubiquinol-cytochrome c reductase complex 9.5 kDa protein {ECO:0000256|ARBA:ARBA00020954}; AltName: Full=Ubiquinol-cytochrome c reductase complex ubiquinone-binding protein QP-C {ECO:0000256|ARBA:ARBA00015055};]"
ENSDARG00000030139;Ensembl Gene ID;445500 [Gene Symbol: sdhdb] [Locus Tag: ] [Chromosome: 15] [Map Location: ] [Description: succinate dehydrogenase complex, subunit D, integral membrane protein b] [Gene Type: protein-coding];"ENSDARG00000030139 [Biotype: protein_coding] [Chr_Location: 15:21684435-21692630] [Chr_Band: ] [Chr_Strand: -1] [Description: succinate dehydrogenase complex, subunit D, integral membrane protein b [Source:NCBI gene;Acc:445500]]";"DHSDB_DANRE [Acc: Q68FN7] [Seq_length: 158] [PI: 9.06] [Weight: 16972.57] [Organism: Danio rerio (Zebrafish) (Brachydanio rerio)] [Definition: RecName: Full=Succinate dehydrogenase [ubiquinone] cytochrome b small subunit B, mitochondrial;          Short=CybS-B; AltName: Full=Succinate dehydrogenase complex subunit D-B; AltName: Full=Succinate-ubiquinone oxidoreductase cytochrome b small subunit B; AltName: Full=Succinate-ubiquinone reductase membrane anchor subunit B; Flags: Precursor;]"
ENSDARG00000030441;Ensembl Gene ID;550531 [Gene Symbol: ppa1b] [Locus Tag: ] [Chromosome: 13] [Map Location: ] [Description: inorganic pyrophosphatase 1b] [Gene Type: protein-coding];"ENSDARG00000030441 [Biotype: protein_coding] [Chr_Location: 13:30152217-30161684] [Chr_Band: ] [Chr_Strand: -1] [Description: inorganic pyrophosphatase 1b [Source:ZFIN;Acc:ZDB-GENE-050417-375]]";"B7ZD39_DANRE [Acc: B7ZD39] [Seq_length: 291] [PI: 5.24] [Weight: 32667.51] [Organism: Danio rerio (Zebrafish) (Brachydanio rerio)] [Definition: RecName: Full=Inorganic diphosphatase {ECO:0000256|ARBA:ARBA00012146};          EC=3.6.1.1 {ECO:0000256|ARBA:ARBA00012146};]"
ENSDARG00000030694;Ensembl Gene ID;192335 [Gene Symbol: atp6v1e1b] [Locus Tag: ] [Chromosome: 4] [Map Location: ] [Description: ATPase H+ transporting V1 subunit E1b] [Gene Type: protein-coding];"ENSDARG00000030694 [Biotype: protein_coding] [Chr_Location: 4:5240126-5247335] [Chr_Band: ] [Chr_Strand: -1] [Description: ATPase H+ transporting V1 subunit E1b [Source:ZFIN;Acc:ZDB-GENE-020419-11]]";"Q6NWK4_DANRE [Acc: Q6NWK4] [Seq_length: 226] [PI: 7.72] [Weight: 25960.8] [Organism: Danio rerio (Zebrafish) (Brachydanio rerio)] [Definition: SubName: Full=ATPase H+-transporting V1 subunit E1b {ECO:0000313|Ensembl:ENSDARP00000050220}; SubName: Full=Atp6v1e1 protein {ECO:0000313|EMBL:AAH67557.1};]"
ENSDARG00000031681;Ensembl Gene ID;321724 [Gene Symbol: atp6v0b] [Locus Tag: ] [Chromosome: 2] [Map Location: ] [Description: ATPase H+ transporting V0 subunit b] [Gene Type: protein-coding];"ENSDARG00000031681 [Biotype: protein_coding] [Chr_Location: 2:33681199-33687214] [Chr_Band: ] [Chr_Strand: -1] [Description: ATPase H+ transporting V0 subunit b [Source:ZFIN;Acc:ZDB-GENE-030131-443]]";"F1QYM3_DANRE [Acc: F1QYM3] [Seq_length: 206] [PI: 7.63] [Weight: 21619.3] [Organism: Danio rerio (Zebrafish) (Brachydanio rerio)] [Definition: SubName: Full=ATPase H+-transporting V0 subunit b {ECO:0000313|Ensembl:ENSDARP00000117925};]"
ENSDARG00000032970;Ensembl Gene ID;326975 [Gene Symbol: cox4i1] [Locus Tag: ] [Chromosome: 18] [Map Location: ] [Description: cytochrome c oxidase subunit 4I1] [Gene Type: protein-coding];"ENSDARG00000032970 [Biotype: protein_coding] [Chr_Location: 18:30507839-30510241] [Chr_Band: ] [Chr_Strand: 1] [Description: cytochrome c oxidase subunit 4I1 [Source:ZFIN;Acc:ZDB-GENE-030131-5175]]";"Q6TNV0_DANRE [Acc: Q6TNV0] [Seq_length: 169] [PI: 9.34] [Weight: 19385.18] [Organism: Danio rerio (Zebrafish) (Brachydanio rerio)] [Definition: RecName: Full=Cytochrome c oxidase subunit 4 {ECO:0000256|RuleBase:RU367145};]"
ENSDARG00000033789;Ensembl Gene ID;393821 [Gene Symbol: ndufb7] [Locus Tag: ] [Chromosome: 1] [Map Location: ] [Description: NADH:ubiquinone oxidoreductase subunit B7] [Gene Type: protein-coding];"ENSDARG00000033789 [Biotype: protein_coding] [Chr_Location: 1:55780128-55785722] [Chr_Band: ] [Chr_Strand: -1] [Description: NADH:ubiquinone oxidoreductase subunit B7 [Source:ZFIN;Acc:ZDB-GENE-040426-1886]]";"Q6P6E5_DANRE [Acc: Q6P6E5] [Seq_length: 120] [PI: 8.35] [Weight: 14483.54] [Organism: Danio rerio (Zebrafish) (Brachydanio rerio)] [Definition: RecName: Full=Complex I-B18 {ECO:0000256|ARBA:ARBA00015296}; AltName: Full=NADH dehydrogenase [ubiquinone] 1 beta subcomplex subunit 7 {ECO:0000256|ARBA:ARBA00018677}; AltName: Full=NADH-ubiquinone oxidoreductase B18 subunit {ECO:0000256|ARBA:ARBA00019761};]"
ENSDARG00000034309;Ensembl Gene ID;553384 [Gene Symbol: cox10] [Locus Tag: ] [Chromosome: 12] [Map Location: ] [Description: cytochrome c oxidase assembly factor heme A:farnesyltransferase COX10] [Gene Type: protein-coding];"ENSDARG00000034309 [Biotype: protein_coding] [Chr_Location: 12:36891483-36960525] [Chr_Band: ] [Chr_Strand: 1] [Description: cytochrome c oxidase assembly factor heme A:farnesyltransferase COX10 [Source:ZFIN;Acc:ZDB-GENE-041111-239]]";"F1QL30_DANRE [Acc: F1QL30] [Seq_length: 447] [PI: 9.56] [Weight: 49252.79] [Organism: Danio rerio (Zebrafish) (Brachydanio rerio)] [Definition: RecName: Full=Protoheme IX farnesyltransferase, mitochondrial {ECO:0000256|PIRNR:PIRNR001773};          EC=2.5.1.- {ECO:0000256|PIRNR:PIRNR001773}; AltName: Full=Heme O synthase {ECO:0000256|PIRNR:PIRNR001773};]"
ENSDARG00000034534;Ensembl Gene ID;394110 [Gene Symbol: atp6v1aa] [Locus Tag: ] [Chromosome: 5] [Map Location: ] [Description: ATPase H+ transporting V1 subunit Aa] [Gene Type: protein-coding];"ENSDARG00000034534 [Biotype: protein_coding] [Chr_Location: 5:24245682-24259992] [Chr_Band: ] [Chr_Strand: 1] [Description: ATPase H+ transporting V1 subunit Aa [Source:ZFIN;Acc:ZDB-GENE-040426-1143]]";"A2BEN1_DANRE [Acc: A2BEN1] [Seq_length: 617] [PI: 5.42] [Weight: 68377.53] [Organism: Danio rerio (Zebrafish) (Brachydanio rerio)] [Definition: RecName: Full=H(+)-transporting two-sector ATPase {ECO:0000256|ARBA:ARBA00012473};          EC=7.1.2.2 {ECO:0000256|ARBA:ARBA00012473};]"
ENSDARG00000035538;Ensembl Gene ID;561469 [Gene Symbol: atp6v0a2a] [Locus Tag: ] [Chromosome: 10] [Map Location: ] [Description: ATPase H+ transporting V0 subunit a2a] [Gene Type: protein-coding];"ENSDARG00000035538 [Biotype: protein_coding] [Chr_Location: 10:7988746-8033468] [Chr_Band: ] [Chr_Strand: -1] [Description: ATPase H+ transporting V0 subunit a2a [Source:ZFIN;Acc:ZDB-GENE-091113-4]]";"E7F7W2_DANRE [Acc: E7F7W2] [Seq_length: 842] [PI: 6.36] [Weight: 95799.51] [Organism: Danio rerio (Zebrafish) (Brachydanio rerio)] [Definition: RecName: Full=V-type proton ATPase subunit a {ECO:0000256|RuleBase:RU361189};]"
ENSDARG00000035565;Ensembl Gene ID;561117 [Gene Symbol: atp6v0a2b] [Locus Tag: ] [Chromosome: 5] [Map Location: ] [Description: ATPase H+ transporting V0 subunit a2b] [Gene Type: protein-coding];"ENSDARG00000035565 [Biotype: protein_coding] [Chr_Location: 5:24543862-24567869] [Chr_Band: ] [Chr_Strand: 1] [Description: ATPase H+ transporting V0 subunit a2b [Source:ZFIN;Acc:ZDB-GENE-060526-4]]";"A2BEG0_DANRE [Acc: A2BEG0] [Seq_length: 849] [PI: 6.12] [Weight: 97491.38] [Organism: Danio rerio (Zebrafish) (Brachydanio rerio)] [Definition: RecName: Full=V-type proton ATPase subunit a {ECO:0000256|RuleBase:RU361189};]"
ENSDARG00000035880;Ensembl Gene ID;449655 [Gene Symbol: atp6v1c1b] [Locus Tag: ] [Chromosome: 19] [Map Location: ] [Description: ATPase H+ transporting V1 subunit C1b] [Gene Type: protein-coding];"ENSDARG00000035880 [Biotype: protein_coding] [Chr_Location: 19:32947910-32966762] [Chr_Band: ] [Chr_Strand: 1] [Description: ATPase H+ transporting V1 subunit C1b [Source:NCBI gene;Acc:449655]]";"VTC1B_DANRE [Acc: Q5XIY6] [Seq_length: 381] [PI: 5.98] [Weight: 43942.18] [Organism: Danio rerio (Zebrafish) (Brachydanio rerio)] [Definition: RecName: Full=V-type proton ATPase subunit C 1-B;          Short=V-ATPase subunit C 1-B; AltName: Full=Vacuolar proton pump subunit C 1-B;]"
ENSDARG00000036329;Ensembl Gene ID;415243 [Gene Symbol: ndufa1] [Locus Tag: ] [Chromosome: 14] [Map Location: ] [Description: NADH:ubiquinone oxidoreductase subunit A1] [Gene Type: protein-coding];"ENSDARG00000036329 [Biotype: protein_coding] [Chr_Location: 14:33413980-33415439] [Chr_Band: ] [Chr_Strand: 1] [Description: NADH:ubiquinone oxidoreductase subunit A1 [Source:ZFIN;Acc:ZDB-GENE-040625-168]]";"F1QQ42_DANRE [Acc: F1QQ42] [Seq_length: 71] [PI: 9.6] [Weight: 8212.68] [Organism: Danio rerio (Zebrafish) (Brachydanio rerio)] [Definition: RecName: Full=Complex I-MWFE {ECO:0000256|ARBA:ARBA00017963}; AltName: Full=NADH dehydrogenase [ubiquinone] 1 alpha subcomplex subunit 1 {ECO:0000256|ARBA:ARBA00016392}; AltName: Full=NADH-ubiquinone oxidoreductase MWFE subunit {ECO:0000256|ARBA:ARBA00021044};]"
ENSDARG00000036438;Ensembl Gene ID;445291 [Gene Symbol: ndufv1] [Locus Tag: ] [Chromosome: 19] [Map Location: ] [Description: NADH:ubiquinone oxidoreductase core subunit V1] [Gene Type: protein-coding];"ENSDARG00000036438 [Biotype: protein_coding] [Chr_Location: 19:9212031-9228512] [Chr_Band: ] [Chr_Strand: 1] [Description: NADH:ubiquinone oxidoreductase core subunit V1 [Source:ZFIN;Acc:ZDB-GENE-040808-73]]";"Q6AZA2_DANRE [Acc: Q6AZA2] [Seq_length: 492] [PI: 8.72] [Weight: 53690.02] [Organism: Danio rerio (Zebrafish) (Brachydanio rerio)] [Definition: RecName: Full=NADH dehydrogenase [ubiquinone] flavoprotein 1, mitochondrial {ECO:0000256|RuleBase:RU364066};          EC=7.1.1.2 {ECO:0000256|RuleBase:RU364066};]"
ENSDARG00000036684;Ensembl Gene ID;445042 [Gene Symbol: ndufa7] [Locus Tag: ] [Chromosome: 8] [Map Location: ] [Description: NADH:ubiquinone oxidoreductase subunit A7] [Gene Type: protein-coding];"ENSDARG00000036684 [Biotype: protein_coding] [Chr_Location: 8:47804284-47811955] [Chr_Band: ] [Chr_Strand: 1] [Description: NADH:ubiquinone oxidoreductase subunit A7 [Source:ZFIN;Acc:ZDB-GENE-040801-169]]";"Q6DGM9_DANRE [Acc: Q6DGM9] [Seq_length: 104] [PI: 10.07] [Weight: 11587.35] [Organism: Danio rerio (Zebrafish) (Brachydanio rerio)] [Definition: RecName: Full=Complex I-B14.5a {ECO:0000256|ARBA:ARBA00014857}; AltName: Full=NADH dehydrogenase [ubiquinone] 1 alpha subcomplex subunit 7 {ECO:0000256|ARBA:ARBA00016383}; AltName: Full=NADH-ubiquinone oxidoreductase subunit B14.5a {ECO:0000256|ARBA:ARBA00018990};]"
ENSDARG00000037259;Ensembl Gene ID;393781 [Gene Symbol: ndufb6] [Locus Tag: ] [Chromosome: 1] [Map Location: ] [Description: NADH:ubiquinone oxidoreductase subunit B] [Gene Type: protein-coding];"ENSDARG00000037259 [Biotype: protein_coding] [Chr_Location: 1:26099250-26103232] [Chr_Band: ] [Chr_Strand: 1] [Description: NADH:ubiquinone oxidoreductase subunit B [Source:ZFIN;Acc:ZDB-GENE-040426-1781]]";"Q6PBJ6_DANRE [Acc: Q6PBJ6] [Seq_length: 128] [PI: 9.15] [Weight: 15027.27] [Organism: Danio rerio (Zebrafish) (Brachydanio rerio)] [Definition: RecName: Full=Complex I-B17 {ECO:0000256|ARBA:ARBA00015297}; AltName: Full=NADH dehydrogenase [ubiquinone] 1 beta subcomplex subunit 6 {ECO:0000256|ARBA:ARBA00018675}; AltName: Full=NADH-ubiquinone oxidoreductase B17 subunit {ECO:0000256|ARBA:ARBA00015378};]"
ENSDARG00000037860;Ensembl Gene ID;393478 [Gene Symbol: cox6b2] [Locus Tag: ] [Chromosome: 16] [Map Location: ] [Description: cytochrome c oxidase subunit 6B2] [Gene Type: protein-coding];"ENSDARG00000037860 [Biotype: protein_coding] [Chr_Location: 16:12504929-12512593] [Chr_Band: ] [Chr_Strand: -1] [Description: cytochrome c oxidase subunit 6B2 [Source:ZFIN;Acc:ZDB-GENE-040426-1566]]";"Q7SXM1_DANRE [Acc: Q7SXM1] [Seq_length: 86] [PI: 8.37] [Weight: 10087.23] [Organism: Danio rerio (Zebrafish) (Brachydanio rerio)] [Definition: RecName: Full=Cytochrome c oxidase subunit {ECO:0000256|PIRNR:PIRNR000278};]"
ENSDARG00000037867;Ensembl Gene ID;402883 [Gene Symbol: atp5mf] [Locus Tag: ] [Chromosome: 3] [Map Location: ] [Description: ATP synthase membrane subunit f] [Gene Type: protein-coding];"ENSDARG00000037867 [Biotype: protein_coding] [Chr_Location: 3:40296785-40301467] [Chr_Band: ] [Chr_Strand: -1] [Description: ATP synthase membrane subunit f [Source:ZFIN;Acc:ZDB-GENE-050309-87]]";"F6P873_DANRE [Acc: F6P873] [Seq_length: 89] [PI: 9.73] [Weight: 10280.92] [Organism: Danio rerio (Zebrafish) (Brachydanio rerio)] [Definition: RecName: Full=ATP synthase membrane subunit f {ECO:0000256|ARBA:ARBA00019603}; AltName: Full=ATP synthase subunit f, mitochondrial {ECO:0000256|ARBA:ARBA00014203};]"
ENSDARG00000038028;Ensembl Gene ID;393943 [Gene Symbol: ndufa6] [Locus Tag: ] [Chromosome: 3] [Map Location: ] [Description: NADH:ubiquinone oxidoreductase subunit A6] [Gene Type: protein-coding];"ENSDARG00000038028 [Biotype: protein_coding] [Chr_Location: 3:1182315-1186100] [Chr_Band: ] [Chr_Strand: 1] [Description: NADH:ubiquinone oxidoreductase subunit A6 [Source:ZFIN;Acc:ZDB-GENE-040426-1124]]";"F1RBK6_DANRE [Acc: F1RBK6] [Seq_length: 128] [PI: 9.93] [Weight: 15105.19] [Organism: Danio rerio (Zebrafish) (Brachydanio rerio)] [Definition: RecName: Full=NADH dehydrogenase [ubiquinone] 1 alpha subcomplex subunit 6 {ECO:0000256|PIRNR:PIRNR006643};]"
ENSDARG00000038577;Ensembl Gene ID;494577 [Gene Symbol: cox6c] [Locus Tag: ] [Chromosome: 6] [Map Location: ] [Description: cytochrome c oxidase subunit 6C] [Gene Type: protein-coding];"ENSDARG00000038577 [Biotype: protein_coding] [Chr_Location: 6:52235441-52241529] [Chr_Band: ] [Chr_Strand: 1] [Description: cytochrome c oxidase subunit 6C [Source:ZFIN;Acc:ZDB-GENE-040724-95]]";"Q6ZM23_DANRE [Acc: Q6ZM23] [Seq_length: 76] [PI: 9.73] [Weight: 8479.71] [Organism: Danio rerio (Zebrafish) (Brachydanio rerio)] [Definition: SubName: Full=Cytochrome c oxidase subunit 6C {ECO:0000313|Ensembl:ENSDARP00000056318};]"
ENSDARG00000038608;Ensembl Gene ID;445129 [Gene Symbol: sdhc] [Locus Tag: ] [Chromosome: 2] [Map Location: ] [Description: succinate dehydrogenase complex, subunit C, integral membrane protein] [Gene Type: protein-coding];"ENSDARG00000038608 [Biotype: protein_coding] [Chr_Location: 2:44192652-44199840] [Chr_Band: ] [Chr_Strand: -1] [Description: succinate dehydrogenase complex, subunit C, integral membrane protein [Source:ZFIN;Acc:ZDB-GENE-040801-26]]";"B0S5Q2_DANRE [Acc: B0S5Q2] [Seq_length: 169] [PI: 9.88] [Weight: 18769.77] [Organism: Danio rerio (Zebrafish) (Brachydanio rerio)] [Definition: RecName: Full=Succinate dehydrogenase cytochrome b560 subunit, mitochondrial {ECO:0000256|ARBA:ARBA00014631};]; B0S5Q3_DANRE [Acc: B0S5Q3] [Seq_length: 167] [PI: 9.77] [Weight: 18530.46] [Organism: Danio rerio (Zebrafish) (Brachydanio rerio)] [Definition: RecName: Full=Succinate dehydrogenase cytochrome b560 subunit, mitochondrial {ECO:0000256|ARBA:ARBA00014631};]"
ENSDARG00000039346;Ensembl Gene ID;541328 [Gene Symbol: ndufa5] [Locus Tag: ] [Chromosome: 4] [Map Location: ] [Description: NADH:ubiquinone oxidoreductase subunit A5] [Gene Type: protein-coding];"ENSDARG00000039346 [Biotype: protein_coding] [Chr_Location: 4:4930406-4932619] [Chr_Band: ] [Chr_Strand: -1] [Description: NADH:ubiquinone oxidoreductase subunit A5 [Source:ZFIN;Acc:ZDB-GENE-050320-17]]";"Q5BJA2_DANRE [Acc: Q5BJA2] [Seq_length: 116] [PI: 7.84] [Weight: 13223.22] [Organism: Danio rerio (Zebrafish) (Brachydanio rerio)] [Definition: RecName: Full=Complex I subunit B13 {ECO:0000256|ARBA:ARBA00020779}; AltName: Full=Complex I-13kD-B {ECO:0000256|ARBA:ARBA00020855}; AltName: Full=NADH dehydrogenase [ubiquinone] 1 alpha subcomplex subunit 5 {ECO:0000256|ARBA:ARBA00016385}; AltName: Full=NADH-ubiquinone oxidoreductase 13 kDa-B subunit {ECO:0000256|ARBA:ARBA00020449};]"
ENSDARG00000041400;Ensembl Gene ID;445122 [Gene Symbol: ndufa3] [Locus Tag: ] [Chromosome: 16] [Map Location: ] [Description: NADH:ubiquinone oxidoreductase subunit A3] [Gene Type: protein-coding];"ENSDARG00000041400 [Biotype: protein_coding] [Chr_Location: 16:5717760-5721386] [Chr_Band: ] [Chr_Strand: -1] [Description: NADH:ubiquinone oxidoreductase subunit A3 [Source:ZFIN;Acc:ZDB-GENE-040801-18]]";"F1R809_DANRE [Acc: F1R809] [Seq_length: 100] [PI: 6.06] [Weight: 10995.68] [Organism: Danio rerio (Zebrafish) (Brachydanio rerio)] [Definition: RecName: Full=Complex I-B9 {ECO:0000256|ARBA:ARBA00013345}; AltName: Full=NADH dehydrogenase [ubiquinone] 1 alpha subcomplex subunit 3 {ECO:0000256|ARBA:ARBA00016391}; AltName: Full=NADH-ubiquinone oxidoreductase B9 subunit {ECO:0000256|ARBA:ARBA00016043}; Flags: Fragment;]"
ENSDARG00000041417;Ensembl Gene ID;100004566 [Gene Symbol: atp6ap1a] [Locus Tag: ] [Chromosome: 23] [Map Location: ] [Description: ATPase H+ transporting accessory protein 1a] [Gene Type: protein-coding];"ENSDARG00000041417 [Biotype: protein_coding] [Chr_Location: 23:4899238-4915118] [Chr_Band: ] [Chr_Strand: -1] [Description: ATPase H+ transporting accessory protein 1a [Source:ZFIN;Acc:ZDB-GENE-090312-136]]";"F1R9A7_DANRE [Acc: F1R9A7] [Seq_length: 466] [PI: 5.62] [Weight: 51640.37] [Organism: Danio rerio (Zebrafish) (Brachydanio rerio)] [Definition: SubName: Full=ATPase H+-transporting accessory protein 1a {ECO:0000313|Ensembl:ENSDARP00000060713};]"
ENSDARG00000042469;Ensembl Gene ID;556538 [Gene Symbol: ndufa12] [Locus Tag: ] [Chromosome: 4] [Map Location: ] [Description: NADH:ubiquinone oxidoreductase subunit A12] [Gene Type: protein-coding];"ENSDARG00000042469 [Biotype: protein_coding] [Chr_Location: 4:25829841-25836684] [Chr_Band: ] [Chr_Strand: -1] [Description: NADH:ubiquinone oxidoreductase subunit A12 [Source:ZFIN;Acc:ZDB-GENE-050828-1]]";"Q5RH31_DANRE [Acc: Q5RH31] [Seq_length: 139] [PI: 9.42] [Weight: 16261.56] [Organism: Danio rerio (Zebrafish) (Brachydanio rerio)] [Definition: RecName: Full=NADH dehydrogenase [ubiquinone] 1 alpha subcomplex subunit 12 {ECO:0000256|RuleBase:RU363103};]"
ENSDARG00000042777;Ensembl Gene ID;393497 [Gene Symbol: ndufa11] [Locus Tag: ] [Chromosome: 11] [Map Location: ] [Description: NADH:ubiquinone oxidoreductase subunit A11] [Gene Type: protein-coding];"ENSDARG00000042777 [Biotype: protein_coding] [Chr_Location: 11:6411169-6429705] [Chr_Band: ] [Chr_Strand: -1] [Description: NADH:ubiquinone oxidoreductase subunit A11 [Source:ZFIN;Acc:ZDB-GENE-040426-1631]]";"Q7SXE9_DANRE [Acc: Q7SXE9] [Seq_length: 135] [PI: 8.39] [Weight: 14100.47] [Organism: Danio rerio (Zebrafish) (Brachydanio rerio)] [Definition: RecName: Full=Complex I-B14.7 {ECO:0000256|ARBA:ARBA00020997}; AltName: Full=NADH dehydrogenase [ubiquinone] 1 alpha subcomplex subunit 11 {ECO:0000256|ARBA:ARBA00018191}; AltName: Full=NADH-ubiquinone oxidoreductase subunit B14.7 {ECO:0000256|ARBA:ARBA00021152};]"
ENSDARG00000043465;Ensembl Gene ID;359840 [Gene Symbol: atp6v1b2] [Locus Tag: ] [Chromosome: 10] [Map Location: ] [Description: ATPase H+ transporting V1 subunit B2] [Gene Type: protein-coding];"ENSDARG00000043465 [Biotype: protein_coding] [Chr_Location: 10:19554604-19566474] [Chr_Band: ] [Chr_Strand: 1] [Description: ATPase H+ transporting V1 subunit B2 [Source:ZFIN;Acc:ZDB-GENE-030711-4]]";"A4FUM8_DANRE [Acc: A4FUM8] [Seq_length: 509] [PI: 5.5] [Weight: 56477.14] [Organism: Danio rerio (Zebrafish) (Brachydanio rerio)] [Definition: RecName: Full=Vacuolar proton pump subunit B {ECO:0000256|RuleBase:RU366021};          Short=V-ATPase subunit B {ECO:0000256|RuleBase:RU366021}; AltName: Full=Vacuolar proton pump subunit B {ECO:0000256|RuleBase:RU366021};]"
ENSDARG00000044562;Ensembl Gene ID;415158 [Gene Symbol: cycsb] [Locus Tag: ] [Chromosome: 6] [Map Location: ] [Description: cytochrome c, somatic b] [Gene Type: protein-coding];"ENSDARG00000044562 [Biotype: protein_coding] [Chr_Location: 6:10910589-10912424] [Chr_Band: ] [Chr_Strand: -1] [Description: cytochrome c, somatic b [Source:NCBI gene;Acc:415158]]";"CYC_DANRE [Acc: Q6IQM2] [Seq_length: 104] [PI: 9.46] [Weight: 11456.22] [Organism: Danio rerio (Zebrafish) (Brachydanio rerio)] [Definition: RecName: Full=Cytochrome c;]"
ENSDARG00000045230;Ensembl Gene ID;436968 [Gene Symbol: cox6b1] [Locus Tag: ] [Chromosome: 24] [Map Location: ] [Description: cytochrome c oxidase subunit 6B1] [Gene Type: protein-coding];"ENSDARG00000045230 [Biotype: protein_coding] [Chr_Location: 24:39606053-39610585] [Chr_Band: ] [Chr_Strand: -1] [Description: cytochrome c oxidase subunit 6B1 [Source:ZFIN;Acc:ZDB-GENE-040718-448]]";"Q6DH63_DANRE [Acc: Q6DH63] [Seq_length: 86] [PI: 8.36] [Weight: 10333.54] [Organism: Danio rerio (Zebrafish) (Brachydanio rerio)] [Definition: RecName: Full=Cytochrome c oxidase subunit {ECO:0000256|PIRNR:PIRNR000278};]"
ENSDARG00000045490;Ensembl Gene ID;393764 [Gene Symbol: ndufb2] [Locus Tag: ] [Chromosome: 4] [Map Location: ] [Description: NADH:ubiquinone oxidoreductase subunit B2] [Gene Type: protein-coding];"ENSDARG00000045490 [Biotype: protein_coding] [Chr_Location: 4:22480169-22483131] [Chr_Band: ] [Chr_Strand: 1] [Description: NADH:ubiquinone oxidoreductase subunit B2 [Source:ZFIN;Acc:ZDB-GENE-040426-1762]]";"Q6PBN0_DANRE [Acc: Q6PBN0] [Seq_length: 97] [PI: 6.03] [Weight: 11166.55] [Organism: Danio rerio (Zebrafish) (Brachydanio rerio)] [Definition: RecName: Full=Complex I-AGGG {ECO:0000256|ARBA:ARBA00015826}; AltName: Full=NADH dehydrogenase [ubiquinone] 1 beta subcomplex subunit 2, mitochondrial {ECO:0000256|ARBA:ARBA00014585}; AltName: Full=NADH-ubiquinone oxidoreductase AGGG subunit {ECO:0000256|ARBA:ARBA00018293};]"
ENSDARG00000045514;Ensembl Gene ID;336957 [Gene Symbol: atp5f1c] [Locus Tag: ] [Chromosome: 4] [Map Location: ] [Description: ATP synthase F1 subunit gamma] [Gene Type: protein-coding];"ENSDARG00000045514 [Biotype: protein_coding] [Chr_Location: 4:25173299-25181552] [Chr_Band: ] [Chr_Strand: -1] [Description: ATP synthase F1 subunit gamma [Source:ZFIN;Acc:ZDB-GENE-030131-8901]]";"Q5RH26_DANRE [Acc: Q5RH26] [Seq_length: 292] [PI: 9.43] [Weight: 32147.83] [Organism: Danio rerio (Zebrafish) (Brachydanio rerio)] [Definition: RecName: Full=ATP synthase subunit gamma {ECO:0000256|RuleBase:RU004001};]"
ENSDARG00000045543;Ensembl Gene ID;436799 [Gene Symbol: atp6v1f] [Locus Tag: ] [Chromosome: 4] [Map Location: ] [Description: ATPase H+ transporting V1 subunit F] [Gene Type: protein-coding];"ENSDARG00000045543 [Biotype: protein_coding] [Chr_Location: 4:20049260-20063234] [Chr_Band: ] [Chr_Strand: -1] [Description: ATPase H+ transporting V1 subunit F [Source:ZFIN;Acc:ZDB-GENE-040718-259]]";"Q6DRK0_DANRE [Acc: Q6DRK0] [Seq_length: 119] [PI: 5.6] [Weight: 13274.15] [Organism: Danio rerio (Zebrafish) (Brachydanio rerio)] [Definition: RecName: Full=V-type proton ATPase subunit F {ECO:0000256|PIRNR:PIRNR015945};]"
ENSDARG00000051986;Ensembl Gene ID;406413 [Gene Symbol: ndufs8a] [Locus Tag: ] [Chromosome: 1] [Map Location: ] [Description: NADH:ubiquinone oxidoreductase core subunit S8a] [Gene Type: protein-coding];"ENSDARG00000051986 [Biotype: protein_coding] [Chr_Location: 1:44814322-44823071] [Chr_Band: ] [Chr_Strand: 1] [Description: NADH:ubiquinone oxidoreductase core subunit S8a [Source:ZFIN;Acc:ZDB-GENE-040426-2153]]";"Q6P0T0_DANRE [Acc: Q6P0T0] [Seq_length: 210] [PI: 5.74] [Weight: 23702.67] [Organism: Danio rerio (Zebrafish) (Brachydanio rerio)] [Definition: RecName: Full=Complex I-23kD {ECO:0000256|ARBA:ARBA00021241}; AltName: Full=NADH dehydrogenase [ubiquinone] iron-sulfur protein 8, mitochondrial {ECO:0000256|ARBA:ARBA00013839}; AltName: Full=NADH-ubiquinone oxidoreductase 23 kDa subunit {ECO:0000256|ARBA:ARBA00017357};]"
ENSDARG00000052304;Ensembl Gene ID;393793 [Gene Symbol: uqcrc1] [Locus Tag: ] [Chromosome: 6] [Map Location: ] [Description: ubiquinol-cytochrome c reductase core protein 1] [Gene Type: protein-coding];"ENSDARG00000052304 [Biotype: protein_coding] [Chr_Location: 6:22337081-22351939] [Chr_Band: ] [Chr_Strand: 1] [Description: ubiquinol-cytochrome c reductase core protein 1 [Source:ZFIN;Acc:ZDB-GENE-040426-1792]]";"Q6NSN3_DANRE [Acc: Q6NSN3] [Seq_length: 474] [PI: 6.18] [Weight: 52111.96] [Organism: Danio rerio (Zebrafish) (Brachydanio rerio)] [Definition: SubName: Full=Ubiquinol-cytochrome c reductase core protein 1 {ECO:0000313|Ensembl:ENSDARP00000148999}; SubName: Full=Ubiquinol-cytochrome c reductase core protein I {ECO:0000313|EMBL:AAH70011.1};]; F1QUE3_DANRE [Acc: F1QUE3] [Seq_length: 503] [PI: 6.74] [Weight: 55449.91] [Organism: Danio rerio (Zebrafish) (Brachydanio rerio)] [Definition: SubName: Full=Ubiquinol-cytochrome c reductase core protein 1 {ECO:0000313|Ensembl:ENSDARP00000108798};]"
ENSDARG00000053217;Ensembl Gene ID;554103 [Gene Symbol: cox7a2a] [Locus Tag: ] [Chromosome: 17] [Map Location: ] [Description: cytochrome c oxidase subunit 7A2a] [Gene Type: protein-coding];"ENSDARG00000053217 [Biotype: protein_coding] [Chr_Location: 17:49983157-49995366] [Chr_Band: ] [Chr_Strand: -1] [Description: cytochrome c oxidase subunit 7A2a [Source:ZFIN;Acc:ZDB-GENE-050522-153]]";"X1WDT5_DANRE [Acc: X1WDT5] [Seq_length: 43] [PI: 11.38] [Weight: 5234.06] [Organism: Danio rerio (Zebrafish) (Brachydanio rerio)] [Definition: SubName: Full=Cytochrome c oxidase subunit 7A2a {ECO:0000313|Ensembl:ENSDARP00000128384};]; F1Q9A4_DANRE [Acc: F1Q9A4] [Seq_length: 83] [PI: 10.16] [Weight: 9568.07] [Organism: Danio rerio (Zebrafish) (Brachydanio rerio)] [Definition: SubName: Full=Cytochrome c oxidase subunit 7A2a {ECO:0000313|Ensembl:ENSDARP00000069708};]"
ENSDARG00000054588;Ensembl Gene ID;447942 [Gene Symbol: cox6a2] [Locus Tag: ] [Chromosome: 3] [Map Location: ] [Description: cytochrome c oxidase subunit 6A2] [Gene Type: protein-coding];"ENSDARG00000054588 [Biotype: protein_coding] [Chr_Location: 3:31039923-31042102] [Chr_Band: ] [Chr_Strand: 1] [Description: cytochrome c oxidase subunit 6A2 [Source:ZFIN;Acc:ZDB-GENE-040912-129]]";"Q66I77_DANRE [Acc: Q66I77] [Seq_length: 103] [PI: 9.43] [Weight: 11270.86] [Organism: Danio rerio (Zebrafish) (Brachydanio rerio)] [Definition: RecName: Full=Cytochrome c oxidase subunit {ECO:0000256|RuleBase:RU004397}; AltName: Full=Cytochrome c oxidase polypeptide VIa {ECO:0000256|RuleBase:RU004397};]"
ENSDARG00000054907;Ensembl Gene ID;335751 [Gene Symbol: cox7a2l] [Locus Tag: ] [Chromosome: 12] [Map Location: ] [Description: cytochrome c oxidase subunit 7A2 like] [Gene Type: protein-coding];"ENSDARG00000054907 [Biotype: protein_coding] [Chr_Location: 12:25197383-25201576] [Chr_Band: ] [Chr_Strand: -1] [Description: cytochrome c oxidase subunit 7A2 like [Source:ZFIN;Acc:ZDB-GENE-030131-7691]]";"Q7SXI1_DANRE [Acc: Q7SXI1] [Seq_length: 115] [PI: 9.88] [Weight: 12591.5] [Organism: Danio rerio (Zebrafish) (Brachydanio rerio)] [Definition: SubName: Full=Cox7a2l protein {ECO:0000313|EMBL:AAI65164.1}; SubName: Full=Cytochrome c oxidase subunit 7A2-like {ECO:0000313|Ensembl:ENSDARP00000071656}; SubName: Full=Cytochrome c oxidase subunit VIIa polypeptide 2 like {ECO:0000313|EMBL:AAH55593.1};]"
ENSDARG00000055712;Ensembl Gene ID;436762 [Gene Symbol: sdhda] [Locus Tag: ] [Chromosome: 5] [Map Location: ] [Description: succinate dehydrogenase complex, subunit D, integral membrane protein a] [Gene Type: protein-coding];"ENSDARG00000055712 [Biotype: protein_coding] [Chr_Location: 5:30081241-30088077] [Chr_Band: ] [Chr_Strand: -1] [Description: succinate dehydrogenase complex, subunit D, integral membrane protein a [Source:NCBI gene;Acc:436762]]";"B8JLH5_DANRE [Acc: B8JLH5] [Seq_length: 59] [PI: 10.07] [Weight: 6354.28] [Organism: Danio rerio (Zebrafish) (Brachydanio rerio)] [Definition: SubName: Full=Succinate dehydrogenase [ubiquinone] cytochrome b small subunit A, mitochondrial {ECO:0000313|Ensembl:ENSDARP00000116917};]; B2GNJ0_DANRE [Acc: B2GNJ0] [Seq_length: 154] [PI: 8.9] [Weight: 16728.44] [Organism: Danio rerio (Zebrafish) (Brachydanio rerio)] [Definition: RecName: Full=Succinate dehydrogenase [ubiquinone] cytochrome b small subunit {ECO:0000256|RuleBase:RU364031};]; DHSDA_DANRE [Acc: Q6DGM2] [Seq_length: 154] [PI: 8.9] [Weight: 16728.44] [Organism: Danio rerio (Zebrafish) (Brachydanio rerio)] [Definition: RecName: Full=Succinate dehydrogenase [ubiquinone] cytochrome b small subunit A, mitochondrial;          Short=CybS-A; AltName: Full=Succinate dehydrogenase complex subunit D-A; AltName: Full=Succinate-ubiquinone oxidoreductase cytochrome b small subunit A; AltName: Full=Succinate-ubiquinone reductase membrane anchor subunit A; Flags: Precursor;]"
ENSDARG00000056008;Ensembl Gene ID;406301 [Gene Symbol: atp5mc1] [Locus Tag: ] [Chromosome: 3] [Map Location: ] [Description: ATP synthase membrane subunit c locus 1] [Gene Type: protein-coding];"ENSDARG00000056008 [Biotype: protein_coding] [Chr_Location: 3:23599290-23604396] [Chr_Band: ] [Chr_Strand: -1] [Description: ATP synthase membrane subunit c locus 1 [Source:ZFIN;Acc:ZDB-GENE-040426-1966]]";"Q6IQN6_DANRE [Acc: Q6IQN6] [Seq_length: 138] [PI: 9.78] [Weight: 14253.52] [Organism: Danio rerio (Zebrafish) (Brachydanio rerio)] [Definition: RecName: Full=ATP synthase lipid-binding protein {ECO:0000256|ARBA:ARBA00019120}; AltName: Full=ATPase protein 9 {ECO:0000256|ARBA:ARBA00016141}; AltName: Full=ATPase subunit c {ECO:0000256|ARBA:ARBA00019916};]"
ENSDARG00000056108;Ensembl Gene ID;406298 [Gene Symbol: ndufa4b] [Locus Tag: ] [Chromosome: 12] [Map Location: ] [Description: NDUFA4 mitochondrial complex associated b] [Gene Type: protein-coding];"ENSDARG00000056108 [Biotype: protein_coding] [Chr_Location: 12:9880493-9884326] [Chr_Band: ] [Chr_Strand: 1] [Description: NADH:ubiquinone oxidoreductase subunit A4 [Source:NCBI gene;Acc:406298]]";"NDUA4_DANRE [Acc: Q6PBH5] [Seq_length: 82] [PI: 9.56] [Weight: 9416.98] [Organism: Danio rerio (Zebrafish) (Brachydanio rerio)] [Definition: RecName: Full=Cytochrome c oxidase subunit NDUFA4;]"
ENSDARG00000056583;Ensembl Gene ID;447913 [Gene Symbol: ndufs6] [Locus Tag: ] [Chromosome: 19] [Map Location: ] [Description: NADH:ubiquinone oxidoreductase subunit S6] [Gene Type: protein-coding];"ENSDARG00000056583 [Biotype: protein_coding] [Chr_Location: 19:28281201-28283877] [Chr_Band: ] [Chr_Strand: -1] [Description: NADH:ubiquinone oxidoreductase subunit S6 [Source:ZFIN;Acc:ZDB-GENE-040912-86]]";"Q1LWG2_DANRE [Acc: Q1LWG2] [Seq_length: 129] [PI: 8.41] [Weight: 14232.14] [Organism: Danio rerio (Zebrafish) (Brachydanio rerio)] [Definition: RecName: Full=NADH dehydrogenase [ubiquinone] iron-sulfur protein 6, mitochondrial {ECO:0000256|PIRNR:PIRNR016564};]; I3ISK7_DANRE [Acc: I3ISK7] [Seq_length: 110] [PI: 8.69] [Weight: 12209.92] [Organism: Danio rerio (Zebrafish) (Brachydanio rerio)] [Definition: SubName: Full=NADH:ubiquinone oxidoreductase subunit S6 {ECO:0000313|Ensembl:ENSDARP00000125890}; Flags: Fragment;]"
ENSDARG00000057853;Ensembl Gene ID;192336 [Gene Symbol: atp6v0ca] [Locus Tag: ] [Chromosome: 3] [Map Location: ] [Description: ATPase H+ transporting V0 subunit ca] [Gene Type: protein-coding];"ENSDARG00000057853 [Biotype: protein_coding] [Chr_Location: 3:16044680-16055463] [Chr_Band: ] [Chr_Strand: -1] [Description: ATPase H+ transporting V0 subunit ca [Source:ZFIN;Acc:ZDB-GENE-020419-23]]";"F1QSP4_DANRE [Acc: F1QSP4] [Seq_length: 154] [PI: 9.4] [Weight: 15693.64] [Organism: Danio rerio (Zebrafish) (Brachydanio rerio)] [Definition: RecName: Full=V-type proton ATPase proteolipid subunit {ECO:0000256|RuleBase:RU363060};]"
ENSDARG00000058041;Ensembl Gene ID;393700 [Gene Symbol: ndufa8] [Locus Tag: ] [Chromosome: 10] [Map Location: ] [Description: NADH:ubiquinone oxidoreductase subunit A8] [Gene Type: protein-coding];"ENSDARG00000058041 [Biotype: protein_coding] [Chr_Location: 10:9410304-9419994] [Chr_Band: ] [Chr_Strand: 1] [Description: NADH:ubiquinone oxidoreductase subunit A8 [Source:ZFIN;Acc:ZDB-GENE-040426-1688]]";"Q6PC22_DANRE [Acc: Q6PC22] [Seq_length: 172] [PI: 7.57] [Weight: 20005.67] [Organism: Danio rerio (Zebrafish) (Brachydanio rerio)] [Definition: RecName: Full=NADH dehydrogenase [ubiquinone] 1 alpha subcomplex subunit 8 {ECO:0000256|PIRNR:PIRNR017016};]"
ENSDARG00000059057;Ensembl Gene ID;553767 [Gene Symbol: atpv0e2] [Locus Tag: ] [Chromosome: 22] [Map Location: ] [Description: ATPase H+ transporting V0 subunit e2] [Gene Type: protein-coding];"ENSDARG00000059057 [Biotype: protein_coding] [Chr_Location: 22:34701848-34707460] [Chr_Band: ] [Chr_Strand: 1] [Description: ATPase H+ transporting V0 subunit e2 [Source:ZFIN;Acc:ZDB-GENE-050522-135]]";"Q504A1_DANRE [Acc: Q504A1] [Seq_length: 81] [PI: 8.74] [Weight: 9124.92] [Organism: Danio rerio (Zebrafish) (Brachydanio rerio)] [Definition: RecName: Full=V-type proton ATPase subunit {ECO:0000256|PIRNR:PIRNR038097};]"
ENSDARG00000060196;Ensembl Gene ID;100073345 [Gene Symbol: lhpp] [Locus Tag: ] [Chromosome: 12] [Map Location: ] [Description: phospholysine phosphohistidine inorganic pyrophosphate phosphatase] [Gene Type: protein-coding];"ENSDARG00000060196 [Biotype: protein_coding] [Chr_Location: 12:46950584-46959990] [Chr_Band: ] [Chr_Strand: -1] [Description: phospholysine phosphohistidine inorganic pyrophosphate phosphatase [Source:NCBI gene;Acc:100073345]]";"LHPP_DANRE [Acc: A5PLK2] [Seq_length: 270] [PI: 5.19] [Weight: 29624.61] [Organism: Danio rerio (Zebrafish) (Brachydanio rerio)] [Definition: RecName: Full=Phospholysine phosphohistidine inorganic pyrophosphate phosphatase;          EC=3.1.3.-;          EC=3.6.1.1;]"
ENSDARG00000061004;Ensembl Gene ID;100005158 [Gene Symbol: cox11] [Locus Tag: ] [Chromosome: 12] [Map Location: ] [Description: cytochrome c oxidase assembly homolog 11 (yeast)] [Gene Type: protein-coding];"ENSDARG00000061004 [Biotype: protein_coding] [Chr_Location: 12:32068294-32073619] [Chr_Band: ] [Chr_Strand: -1] [Description: cytochrome c oxidase assembly homolog 11 (yeast) [Source:ZFIN;Acc:ZDB-GENE-050506-82]]";"U3JAH2_DANRE [Acc: U3JAH2] [Seq_length: 229] [PI: 9.06] [Weight: 25987.49] [Organism: Danio rerio (Zebrafish) (Brachydanio rerio)] [Definition: SubName: Full=Cytochrome c oxidase assembly homolog 11 (yeast) {ECO:0000313|Ensembl:ENSDARP00000127240}; Flags: Fragment;]; A3KNN8_DANRE [Acc: A3KNN8] [Seq_length: 259] [PI: 9.03] [Weight: 29395.35] [Organism: Danio rerio (Zebrafish) (Brachydanio rerio)] [Definition: SubName: Full=Cytochrome c oxidase assembly homolog 11 (yeast) {ECO:0000313|Ensembl:ENSDARP00000080966}; SubName: Full=Zgc:162286 protein {ECO:0000313|EMBL:AAI33934.1};]"
ENSDARG00000069090;Ensembl Gene ID;322811 [Gene Symbol: atp6v0d1] [Locus Tag: ] [Chromosome: 7] [Map Location: ] [Description: ATPase H+ transporting V0 subunit d1] [Gene Type: protein-coding];"ENSDARG00000069090 [Biotype: protein_coding] [Chr_Location: 7:35086369-35094933] [Chr_Band: ] [Chr_Strand: 1] [Description: ATPase H+ transporting V0 subunit d1 [Source:NCBI gene;Acc:322811]]";"VA0D1_DANRE [Acc: Q6PGV1] [Seq_length: 350] [PI: 4.85] [Weight: 40190.5] [Organism: Danio rerio (Zebrafish) (Brachydanio rerio)] [Definition: RecName: Full=V-type proton ATPase subunit d 1;          Short=V-ATPase subunit d 1; AltName: Full=Vacuolar proton pump subunit d 1;]; F1Q4U4_DANRE [Acc: F1Q4U4] [Seq_length: 138] [PI: 5.16] [Weight: 16072.32] [Organism: Danio rerio (Zebrafish) (Brachydanio rerio)] [Definition: SubName: Full=V-type proton ATPase subunit d 1 {ECO:0000313|Ensembl:ENSDARP00000100638};]"
ENSDARG00000069920;Ensembl Gene ID;447914 [Gene Symbol: cox17] [Locus Tag: ] [Chromosome: 9] [Map Location: ] [Description: cytochrome c oxidase copper chaperone COX17] [Gene Type: protein-coding];"ENSDARG00000069920 [Biotype: protein_coding] [Chr_Location: 9:21235476-21238616] [Chr_Band: ] [Chr_Strand: -1] [Description: cytochrome c oxidase copper chaperone COX17 [Source:ZFIN;Acc:ZDB-GENE-040912-91]]";"Q66I53_DANRE [Acc: Q66I53] [Seq_length: 68] [PI: 5.63] [Weight: 7291.32] [Organism: Danio rerio (Zebrafish) (Brachydanio rerio)] [Definition: SubName: Full=COX17 cytochrome c oxidase assembly homolog (S. cerevisiae) {ECO:0000313|EMBL:AAH81527.1}; SubName: Full=Cox17 protein {ECO:0000313|EMBL:AAI64430.1}; SubName: Full=Cytochrome c oxidase copper chaperone COX17 {ECO:0000313|Ensembl:ENSDARP00000092919};]"
ENSDARG00000070083;Ensembl Gene ID;554135 [Gene Symbol: atp5f1b] [Locus Tag: ] [Chromosome: 11] [Map Location: ] [Description: ATP synthase F1 subunit beta] [Gene Type: protein-coding];"ENSDARG00000070083 [Biotype: protein_coding] [Chr_Location: 11:13207898-13213059] [Chr_Band: ] [Chr_Strand: 1] [Description: ATP synthase F1 subunit beta [Source:ZFIN;Acc:ZDB-GENE-030131-124]]";"A8WGC6_DANRE [Acc: A8WGC6] [Seq_length: 517] [PI: 5.14] [Weight: 55129.74] [Organism: Danio rerio (Zebrafish) (Brachydanio rerio)] [Definition: RecName: Full=ATP synthase subunit beta {ECO:0000256|RuleBase:RU003553};          EC=7.1.2.2 {ECO:0000256|RuleBase:RU003553};]"
ENSDARG00000070723;Ensembl Gene ID;541331 [Gene Symbol: ndufa9a] [Locus Tag: ] [Chromosome: 25] [Map Location: ] [Description: NADH:ubiquinone oxidoreductase subunit A9a] [Gene Type: protein-coding];"ENSDARG00000070723 [Biotype: protein_coding] [Chr_Location: 25:16772392-16782394] [Chr_Band: ] [Chr_Strand: -1] [Description: NADH:ubiquinone oxidoreductase subunit A9a [Source:ZFIN;Acc:ZDB-GENE-050320-20]]";"F6NP87_DANRE [Acc: F6NP87] [Seq_length: 380] [PI: 9.7] [Weight: 42902.39] [Organism: Danio rerio (Zebrafish) (Brachydanio rerio)] [Definition: SubName: Full=NADH:ubiquinone oxidoreductase subunit A9a {ECO:0000313|Ensembl:ENSDARP00000007735};]"
ENSDARG00000071691;Ensembl Gene ID;322549 [Gene Symbol: uqcrc2b] [Locus Tag: ] [Chromosome: 12] [Map Location: ] [Description: ubiquinol-cytochrome c reductase core protein 2b] [Gene Type: protein-coding];"ENSDARG00000071691 [Biotype: protein_coding] [Chr_Location: 12:10424676-10441661] [Chr_Band: ] [Chr_Strand: -1] [Description: ubiquinol-cytochrome c reductase core protein 2b [Source:ZFIN;Acc:ZDB-GENE-030131-1269]]";"Q6IQ59_DANRE [Acc: Q6IQ59] [Seq_length: 454] [PI: 8.52] [Weight: 48122.28] [Organism: Danio rerio (Zebrafish) (Brachydanio rerio)] [Definition: SubName: Full=Ubiquinol-cytochrome c reductase core protein 2b {ECO:0000313|Ensembl:ENSDARP00000005930}; SubName: Full=Ubiquinol-cytochrome c reductase core protein II {ECO:0000313|EMBL:AAH71551.1};]"
ENSDARG00000075768;Ensembl Gene ID;562149 [Gene Symbol: sdhb] [Locus Tag: ] [Chromosome: 22] [Map Location: ] [Description: succinate dehydrogenase complex, subunit B, iron sulfur (Ip)] [Gene Type: protein-coding];"ENSDARG00000075768 [Biotype: protein_coding] [Chr_Location: 22:11395-18224] [Chr_Band: ] [Chr_Strand: 1] [Description: succinate dehydrogenase complex, subunit B, iron sulfur (Ip) [Source:NCBI gene;Acc:562149]]";"SDHB_DANRE [Acc: A5PL98] [Seq_length: 280] [PI: 8.85] [Weight: 31739.48] [Organism: Danio rerio (Zebrafish) (Brachydanio rerio)] [Definition: RecName: Full=Succinate dehydrogenase [ubiquinone] iron-sulfur subunit, mitochondrial;          EC=1.3.5.1; AltName: Full=Iron-sulfur subunit of complex II;          Short=Ip; Flags: Precursor;]"
ENSDARG00000075933;Ensembl Gene ID;394181 [Gene Symbol: cox15] [Locus Tag: ] [Chromosome: 13] [Map Location: ] [Description: cytochrome c oxidase assembly homolog 15 (yeast)] [Gene Type: protein-coding];"ENSDARG00000075933 [Biotype: protein_coding] [Chr_Location: 13:713941-724385] [Chr_Band: ] [Chr_Strand: 1] [Description: cytochrome c oxidase assembly homolog 15 (yeast) [Source:ZFIN;Acc:ZDB-GENE-040426-955]]";"F1R355_DANRE [Acc: F1R355] [Seq_length: 399] [PI: 10.09] [Weight: 44723.34] [Organism: Danio rerio (Zebrafish) (Brachydanio rerio)] [Definition: SubName: Full=Cytochrome c oxidase assembly homolog 15 (yeast) {ECO:0000313|Ensembl:ENSDARP00000099785};]"
ENSDARG00000076318;Ensembl Gene ID;337583 [Gene Symbol: atp6v1ab] [Locus Tag: ] [Chromosome: 24] [Map Location: ] [Description: ATPase H+ transporting V1 subunit Ab] [Gene Type: protein-coding];"ENSDARG00000076318 [Biotype: protein_coding] [Chr_Location: 24:21154120-21172122] [Chr_Band: ] [Chr_Strand: -1] [Description: ATPase H+ transporting V1 subunit Ab [Source:ZFIN;Acc:ZDB-GENE-030131-9529]]";"E7FCD8_DANRE [Acc: E7FCD8] [Seq_length: 617] [PI: 5.43] [Weight: 68377.62] [Organism: Danio rerio (Zebrafish) (Brachydanio rerio)] [Definition: RecName: Full=H(+)-transporting two-sector ATPase {ECO:0000256|ARBA:ARBA00012473};          EC=7.1.2.2 {ECO:0000256|ARBA:ARBA00012473};]"
ENSDARG00000078113;Ensembl Gene ID;559659 [Gene Symbol: atp5mea] [Locus Tag: ] [Chromosome: 21] [Map Location: ] [Description: ATP synthase membrane subunit ea] [Gene Type: protein-coding];"ENSDARG00000078113 [Biotype: protein_coding] [Chr_Location: 21:20377752-20381481] [Chr_Band: ] [Chr_Strand: -1] [Description: ATP synthase membrane subunit ea [Source:ZFIN;Acc:ZDB-GENE-070928-12]]";"A7YY99_DANRE [Acc: A7YY99] [Seq_length: 71] [PI: 7.96] [Weight: 8373.61] [Organism: Danio rerio (Zebrafish) (Brachydanio rerio)] [Definition: RecName: Full=ATP synthase subunit e, mitochondrial {ECO:0000256|RuleBase:RU367005};]"
ENSDARG00000088383;Ensembl Gene ID;554101 [Gene Symbol: cox5aa] [Locus Tag: ] [Chromosome: 25] [Map Location: ] [Description: cytochrome c oxidase subunit 5Aa] [Gene Type: protein-coding];"ENSDARG00000088383 [Biotype: protein_coding] [Chr_Location: 25:29075145-29080125] [Chr_Band: ] [Chr_Strand: -1] [Description: cytochrome c oxidase subunit 5Aa [Source:ZFIN;Acc:ZDB-GENE-050522-133]]";"Q4VBU7_DANRE [Acc: Q4VBU7] [Seq_length: 141] [PI: 6.14] [Weight: 15895.88] [Organism: Danio rerio (Zebrafish) (Brachydanio rerio)] [Definition: RecName: Full=Cytochrome c oxidase polypeptide Va {ECO:0000256|ARBA:ARBA00015085}; AltName: Full=Cytochrome c oxidase subunit 5A, mitochondrial {ECO:0000256|ARBA:ARBA00021968};]"
ENSDARG00000090389;Ensembl Gene ID;100537318 [Gene Symbol: ndufv3] [Locus Tag: ] [Chromosome: 9] [Map Location: ] [Description: NADH:ubiquinone oxidoreductase subunit V3] [Gene Type: protein-coding];"ENSDARG00000090389 [Biotype: protein_coding] [Chr_Location: 9:19518674-19528038] [Chr_Band: ] [Chr_Strand: 1] [Description: NADH:ubiquinone oxidoreductase subunit V3 [Source:ZFIN;Acc:ZDB-GENE-030131-6500]]";"F6P4Z6_DANRE [Acc: F6P4Z6] [Seq_length: 109] [PI: 9.7] [Weight: 12155.92] [Organism: Danio rerio (Zebrafish) (Brachydanio rerio)] [Definition: RecName: Full=Complex I-9kD {ECO:0000256|ARBA:ARBA00019310}; AltName: Full=NADH dehydrogenase [ubiquinone] flavoprotein 3, mitochondrial {ECO:0000256|ARBA:ARBA00021981}; AltName: Full=NADH-ubiquinone oxidoreductase 9 kDa subunit {ECO:0000256|ARBA:ARBA00015675};]; A0A0R4IUE2_DANRE [Acc: A0A0R4IUE2] [Seq_length: 381] [PI: 4.61] [Weight: 40137.84] [Organism: Danio rerio (Zebrafish) (Brachydanio rerio)] [Definition: RecName: Full=Complex I-9kD {ECO:0000256|ARBA:ARBA00019310}; AltName: Full=NADH dehydrogenase [ubiquinone] flavoprotein 3, mitochondrial {ECO:0000256|ARBA:ARBA00021981}; AltName: Full=NADH-ubiquinone oxidoreductase 9 kDa subunit {ECO:0000256|ARBA:ARBA00015675};]"
ENSDARG00000095273;Ensembl Gene ID;557348 [Gene Symbol: cox8a] [Locus Tag: ] [Chromosome: 21] [Map Location: ] [Description: cytochrome c oxidase subunit 8A] [Gene Type: protein-coding];"ENSDARG00000095273 [Biotype: protein_coding] [Chr_Location: 21:28496194-28500704] [Chr_Band: ] [Chr_Strand: 1] [Description: cytochrome c oxidase subunit 8A [Source:ZFIN;Acc:ZDB-GENE-030131-9136]]";"E9QFA6_DANRE [Acc: E9QFA6] [Seq_length: 76] [PI: 10.39] [Weight: 8088.3] [Organism: Danio rerio (Zebrafish) (Brachydanio rerio)] [Definition: SubName: Full=Cytochrome c oxidase subunit 8A {ECO:0000313|Ensembl:ENSDARP00000119314};]"
ENSDARG00000095793;Ensembl Gene ID;100330915 [Gene Symbol: si:dkey-85n7.8] [Locus Tag: ] [Chromosome: 20] [Map Location: ] [Description: si:dkey-85n7.8] [Gene Type: protein-coding];"ENSDARG00000095793 [Biotype: protein_coding] [Chr_Location: 20:27194833-27198254] [Chr_Band: ] [Chr_Strand: 1] [Description: si:dkey-85n7.8 [Source:ZFIN;Acc:ZDB-GENE-110411-127]]";"F8W4B6_DANRE [Acc: F8W4B6] [Seq_length: 76] [PI: 11.04] [Weight: 8510] [Organism: Danio rerio (Zebrafish) (Brachydanio rerio)] [Definition: SubName: Full=Si:dkey-85n7.8 {ECO:0000313|Ensembl:ENSDARP00000124247};]"
ENSDARG00000098355;Ensembl Gene ID;393675 [Gene Symbol: atp5pd] [Locus Tag: ] [Chromosome: 3] [Map Location: ] [Description: ATP synthase peripheral stalk subunit d] [Gene Type: protein-coding];"ENSDARG00000098355 [Biotype: protein_coding] [Chr_Location: 3:48549294-48559906] [Chr_Band: ] [Chr_Strand: -1] [Description: ATP synthase peripheral stalk subunit d [Source:ZFIN;Acc:ZDB-GENE-040426-1658]]";"Q6PC77_DANRE [Acc: Q6PC77] [Seq_length: 161] [PI: 7.83] [Weight: 18257.64] [Organism: Danio rerio (Zebrafish) (Brachydanio rerio)] [Definition: RecName: Full=ATP synthase subunit d, mitochondrial {ECO:0000256|ARBA:ARBA00021688, ECO:0000256|PIRNR:PIRNR005514};]"
ENSDARG00000099499;Ensembl Gene ID;406726 [Gene Symbol: ndufa4a] [Locus Tag: ] [Chromosome: 3] [Map Location: ] [Description: NDUFA4 mitochondrial complex associated a] [Gene Type: protein-coding];"ENSDARG00000099499 [Biotype: protein_coding] [Chr_Location: 3:20947560-20957083] [Chr_Band: ] [Chr_Strand: -1] [Description: NADH:ubiquinone oxidoreductase subunit A4, like [Source:ZFIN;Acc:ZDB-GENE-040426-2756]]";"Q7ZTT8_DANRE [Acc: Q7ZTT8] [Seq_length: 82] [PI: 9.47] [Weight: 9427.94] [Organism: Danio rerio (Zebrafish) (Brachydanio rerio)] [Definition: SubName: Full=NADH dehydrogenase (Ubiquinone) 1 alpha subcomplex 4, like {ECO:0000313|EMBL:AAH51617.1}; SubName: Full=NADH:ubiquinone oxidoreductase subunit A4, like {ECO:0000313|Ensembl:ENSDARP00000138096};]; A0A2R8QLN3_DANRE [Acc: A0A2R8QLN3] [Seq_length: 96] [PI: 9.47] [Weight: 10996.76] [Organism: Danio rerio (Zebrafish) (Brachydanio rerio)] [Definition: SubName: Full=NADH:ubiquinone oxidoreductase subunit A4, like {ECO:0000313|Ensembl:ENSDARP00000156340};]"
ENSDARG00000099663;Ensembl Gene ID;326962 [Gene Symbol: cox5ab] [Locus Tag: ] [Chromosome: 18] [Map Location: ] [Description: cytochrome c oxidase subunit 5Ab] [Gene Type: protein-coding];"ENSDARG00000099663 [Biotype: protein_coding] [Chr_Location: 18:808911-812753] [Chr_Band: ] [Chr_Strand: 1] [Description: cytochrome c oxidase subunit 5Ab [Source:ZFIN;Acc:ZDB-GENE-030131-5162]]";"A0A0R4IVC8_DANRE [Acc: A0A0R4IVC8] [Seq_length: 138] [PI: 6.13] [Weight: 15515.69] [Organism: Danio rerio (Zebrafish) (Brachydanio rerio)] [Definition: RecName: Full=Cytochrome c oxidase polypeptide Va {ECO:0000256|ARBA:ARBA00015085}; AltName: Full=Cytochrome c oxidase subunit 5A, mitochondrial {ECO:0000256|ARBA:ARBA00021968};]"
ENSDARG00000102115;Ensembl Gene ID;541390 [Gene Symbol: ndufc2] [Locus Tag: ] [Chromosome: 15] [Map Location: ] [Description: NADH:ubiquinone oxidoreductase subunit C2] [Gene Type: protein-coding];"ENSDARG00000102115 [Biotype: protein_coding] [Chr_Location: 15:11427620-11443214] [Chr_Band: ] [Chr_Strand: 1] [Description: NADH:ubiquinone oxidoreductase subunit C2 [Source:ZFIN;Acc:ZDB-GENE-050320-87]]";"A0A0R4IVF6_DANRE [Acc: A0A0R4IVF6] [Seq_length: 110] [PI: 9.56] [Weight: 12733.68] [Organism: Danio rerio (Zebrafish) (Brachydanio rerio)] [Definition: RecName: Full=NADH dehydrogenase [ubiquinone] 1 subunit C2 {ECO:0000256|PIRNR:PIRNR017834};]"
ENSDARG00000104517;Ensembl Gene ID;100333064 [Gene Symbol: uqcr10] [Locus Tag: ] [Chromosome: 21] [Map Location: ] [Description: ubiquinol-cytochrome c reductase, complex III subunit X] [Gene Type: protein-coding];"ENSDARG00000104517 [Biotype: protein_coding] [Chr_Location: 21:5882300-5885723] [Chr_Band: ] [Chr_Strand: 1] [Description: ubiquinol-cytochrome c reductase, complex III subunit X [Source:ZFIN;Acc:ZDB-GENE-170406-3]]";"A0A0G2L2Q2_DANRE [Acc: A0A0G2L2Q2] [Seq_length: 62] [PI: 9.6] [Weight: 7222.27] [Organism: Danio rerio (Zebrafish) (Brachydanio rerio)] [Definition: RecName: Full=Complex III subunit 9 {ECO:0000256|RuleBase:RU368056};]"
ENSDARG00000104537;Ensembl Gene ID;336118 [Gene Symbol: cox7c] [Locus Tag: ] [Chromosome: 5] [Map Location: ] [Description: cytochrome c oxidase subunit 7C] [Gene Type: protein-coding];"ENSDARG00000104537 [Biotype: protein_coding] [Chr_Location: 5:47726197-47727819] [Chr_Band: ] [Chr_Strand: -1] [Description: cytochrome c oxidase subunit 7C [Source:ZFIN;Acc:ZDB-GENE-030131-8062]]";"Q6PBP0_DANRE [Acc: Q6PBP0] [Seq_length: 63] [PI: 11.48] [Weight: 7127.42] [Organism: Danio rerio (Zebrafish) (Brachydanio rerio)] [Definition: RecName: Full=Cytochrome c oxidase polypeptide VIIc {ECO:0000256|ARBA:ARBA00016258};]"
ENSDARG00000105142;Ensembl Gene ID;406342 [Gene Symbol: tcirg1b] [Locus Tag: ] [Chromosome: 14] [Map Location: ] [Description: T cell immune regulator 1, ATPase H+ transporting V0 subunit a3b] [Gene Type: protein-coding];"ENSDARG00000105142 [Biotype: protein_coding] [Chr_Location: 14:16777308-16810489] [Chr_Band: ] [Chr_Strand: -1] [Description: T cell immune regulator 1, ATPase H+ transporting V0 subunit a3b [Source:ZFIN;Acc:ZDB-GENE-040426-2022]]";"F1QW04_DANRE [Acc: F1QW04] [Seq_length: 821] [PI: 6.18] [Weight: 93524.32] [Organism: Danio rerio (Zebrafish) (Brachydanio rerio)] [Definition: RecName: Full=V-type proton ATPase subunit a {ECO:0000256|RuleBase:RU361189};]; A0A0R4IJM6_DANRE [Acc: A0A0R4IJM6] [Seq_length: 123] [PI: 4.95] [Weight: 14104.18] [Organism: Danio rerio (Zebrafish) (Brachydanio rerio)] [Definition: RecName: Full=V-type proton ATPase subunit a {ECO:0000256|RuleBase:RU361189}; Flags: Fragment;]"
